ISO-10303-21;
HEADER;
FILE_DESCRIPTION(('STEP AP214'),'1');
FILE_NAME('cctmp_C62AF0AA-08E9-40D0-B0A2-980874909739_2025_09_27_22_43_45_0164_247804..stp','2025-09-27T20:43:45',('Adolf Würth GmbH & Co. KG'),('CADClick - www.CADClick.com'),'Spatial InterOp 3D',' ','unknown authorization');
FILE_SCHEMA(('AUTOMOTIVE_DESIGN'));
ENDSEC;
DATA;
#1=PRODUCT_DEFINITION_CONTEXT('',#16,'design');
#2=APPLICATION_PROTOCOL_DEFINITION('INTERNATIONAL STANDARD','automotive_design',1994,#16);
#3=PRODUCT_CATEGORY_RELATIONSHIP('NONE','NONE',#17,#18);
#4=SHAPE_DEFINITION_REPRESENTATION(#19,#20);
#5=PRODUCT_DEFINITION_CONTEXT('',#21,'design');
#6=APPLICATION_PROTOCOL_DEFINITION('INTERNATIONAL STANDARD','automotive_design',1994,#21);
#7=PRODUCT_CATEGORY_RELATIONSHIP('NONE','NONE',#22,#23);
#8=CONTEXT_DEPENDENT_SHAPE_REPRESENTATION(#24,#25);
#9=SHAPE_DEFINITION_REPRESENTATION(#26,#27);
#10=SHAPE_REPRESENTATION_RELATIONSHIP('NONE','NONE',#27,#28);
#11=MECHANICAL_DESIGN_GEOMETRIC_PRESENTATION_REPRESENTATION(' ',(#29,#30,#31,#32,#33,#34,#35,#36,#37,#38,#39,#40,#41,#42,#43,#44,#45,#46,#47,#48,#49,#50,#51,#52,#53,#54,#55,#56,#57,#58,#59,#60,#61,#62,#63,#64,#65,#66,#67,#68,#69,#70,#71,#72,#73,#74,#75,#76,#77,#78,#79,#80,#81,#82,#83,#84),#12);
#12= (GEOMETRIC_REPRESENTATION_CONTEXT(3)GLOBAL_UNCERTAINTY_ASSIGNED_CONTEXT((#87))GLOBAL_UNIT_ASSIGNED_CONTEXT((#89,#90,#91))REPRESENTATION_CONTEXT('NONE','WORKSPACE'));
#16=APPLICATION_CONTEXT(' ');
#17=PRODUCT_CATEGORY('part','NONE');
#18=PRODUCT_RELATED_PRODUCT_CATEGORY('detail',' ',(#93));
#19=PRODUCT_DEFINITION_SHAPE('NONE','NONE',#94);
#20=SHAPE_REPRESENTATION('Wuerth_037624 10_Verbundmuffe Typ SKD_LOD_High',(#95,#96),#97);
#21=APPLICATION_CONTEXT(' ');
#22=PRODUCT_CATEGORY('part','NONE');
#23=PRODUCT_RELATED_PRODUCT_CATEGORY('detail',' ',(#98));
#24=(REPRESENTATION_RELATIONSHIP('','',#27,#20)REPRESENTATION_RELATIONSHIP_WITH_TRANSFORMATION(#101)SHAPE_REPRESENTATION_RELATIONSHIP());
#25=PRODUCT_DEFINITION_SHAPE('NAUO-PROD-DEF','NAUO-PROD-DEF',#103);
#26=PRODUCT_DEFINITION_SHAPE('NONE','NONE',#104);
#27=SHAPE_REPRESENTATION('Wuerth_037624 10_Verbundmuffe Typ SKD_LOD_High_1',(#95),#97);
#28=ADVANCED_BREP_SHAPE_REPRESENTATION('',(#105),#12);
#29=STYLED_ITEM('',(#106),#107);
#30=STYLED_ITEM('',(#108),#109);
#31=STYLED_ITEM('',(#110),#111);
#32=STYLED_ITEM('',(#112),#113);
#33=STYLED_ITEM('',(#114),#115);
#34=STYLED_ITEM('',(#116),#117);
#35=STYLED_ITEM('',(#118),#119);
#36=STYLED_ITEM('',(#120),#121);
#37=STYLED_ITEM('',(#122),#123);
#38=STYLED_ITEM('',(#124),#125);
#39=STYLED_ITEM('',(#126),#127);
#40=STYLED_ITEM('',(#128),#129);
#41=STYLED_ITEM('',(#130),#131);
#42=STYLED_ITEM('',(#132),#133);
#43=STYLED_ITEM('',(#134),#135);
#44=STYLED_ITEM('',(#136),#137);
#45=STYLED_ITEM('',(#138),#139);
#46=STYLED_ITEM('',(#140),#141);
#47=STYLED_ITEM('',(#142),#143);
#48=STYLED_ITEM('',(#144),#145);
#49=STYLED_ITEM('',(#146),#147);
#50=STYLED_ITEM('',(#148),#149);
#51=STYLED_ITEM('',(#150),#151);
#52=STYLED_ITEM('',(#152),#153);
#53=STYLED_ITEM('',(#154),#155);
#54=STYLED_ITEM('',(#156),#157);
#55=STYLED_ITEM('',(#158),#159);
#56=STYLED_ITEM('',(#160),#161);
#57=STYLED_ITEM('',(#162),#163);
#58=STYLED_ITEM('',(#164),#165);
#59=STYLED_ITEM('',(#166),#167);
#60=STYLED_ITEM('',(#168),#169);
#61=STYLED_ITEM('',(#170),#171);
#62=STYLED_ITEM('',(#172),#173);
#63=STYLED_ITEM('',(#174),#175);
#64=STYLED_ITEM('',(#176),#177);
#65=STYLED_ITEM('',(#178),#179);
#66=STYLED_ITEM('',(#180),#181);
#67=STYLED_ITEM('',(#182),#183);
#68=STYLED_ITEM('',(#184),#185);
#69=STYLED_ITEM('',(#186),#187);
#70=STYLED_ITEM('',(#188),#189);
#71=STYLED_ITEM('',(#190),#191);
#72=STYLED_ITEM('',(#192),#193);
#73=STYLED_ITEM('',(#194),#195);
#74=STYLED_ITEM('',(#196),#197);
#75=STYLED_ITEM('',(#198),#199);
#76=STYLED_ITEM('',(#200),#201);
#77=STYLED_ITEM('',(#202),#203);
#78=STYLED_ITEM('',(#204),#205);
#79=STYLED_ITEM('',(#206),#207);
#80=STYLED_ITEM('',(#208),#209);
#81=STYLED_ITEM('',(#210),#211);
#82=STYLED_ITEM('',(#212),#213);
#83=STYLED_ITEM('',(#214),#215);
#84=STYLED_ITEM('',(#216),#105);
#87=UNCERTAINTY_MEASURE_WITH_UNIT(LENGTH_MEASURE(1.0E-06),#89,'','');
#89= (CONVERSION_BASED_UNIT('MILLIMETRE',#219)LENGTH_UNIT()NAMED_UNIT(#222));
#90= (NAMED_UNIT(#224)PLANE_ANGLE_UNIT()SI_UNIT($,.RADIAN.));
#91= (NAMED_UNIT(#224)SOLID_ANGLE_UNIT()SI_UNIT($,.STERADIAN.));
#93=PRODUCT('Wuerth_037624 10_Verbundmuffe Typ SKD_LOD_High','Wuerth_037624 10_Verbundmuffe Typ SKD_LOD_High','PART--DESC',(#230));
#94=PRODUCT_DEFINITION('Wuerth_037624 10_Verbundmuffe Typ SKD_LOD_High','Wuerth_037624 10_Verbundmuffe Typ SKD_LOD_High',#231,#1);
#95=AXIS2_PLACEMENT_3D('',#232,#233,#234);
#96=AXIS2_PLACEMENT_3D('',#235,#236,#237);
#97= (GEOMETRIC_REPRESENTATION_CONTEXT(3)GLOBAL_UNCERTAINTY_ASSIGNED_CONTEXT((#240))GLOBAL_UNIT_ASSIGNED_CONTEXT((#242,#243,#244))REPRESENTATION_CONTEXT('NONE','WORKSPACE'));
#98=PRODUCT('Wuerth_037624 10_Verbundmuffe Typ SKD_LOD_High_1','Wuerth_037624 10_Verbundmuffe Typ SKD_LOD_High_1','PART-Wuerth_037624 10_Verbundmuffe Typ SKD_LOD_High_1-DESC',(#246));
#101=ITEM_DEFINED_TRANSFORMATION('','',#95,#96);
#103=NEXT_ASSEMBLY_USAGE_OCCURRENCE('','','',#94,#104,$);
#104=PRODUCT_DEFINITION('Wuerth_037624 10_Verbundmuffe Typ SKD_LOD_High_1','Wuerth_037624 10_Verbundmuffe Typ SKD_LOD_High_1',#247,#5);
#105=MANIFOLD_SOLID_BREP('',#248);
#106=PRESENTATION_STYLE_ASSIGNMENT((#249));
#107=ADVANCED_FACE('',(#250),#251,.F.);
#108=PRESENTATION_STYLE_ASSIGNMENT((#252));
#109=ADVANCED_FACE('',(#253),#254,.T.);
#110=PRESENTATION_STYLE_ASSIGNMENT((#255));
#111=ADVANCED_FACE('',(#256),#257,.T.);
#112=PRESENTATION_STYLE_ASSIGNMENT((#258));
#113=ADVANCED_FACE('',(#259),#260,.T.);
#114=PRESENTATION_STYLE_ASSIGNMENT((#261));
#115=ADVANCED_FACE('',(#262),#263,.T.);
#116=PRESENTATION_STYLE_ASSIGNMENT((#264));
#117=ADVANCED_FACE('',(#265),#266,.T.);
#118=PRESENTATION_STYLE_ASSIGNMENT((#267));
#119=ADVANCED_FACE('',(#268),#269,.T.);
#120=PRESENTATION_STYLE_ASSIGNMENT((#270));
#121=ADVANCED_FACE('',(#271),#272,.T.);
#122=PRESENTATION_STYLE_ASSIGNMENT((#273));
#123=ADVANCED_FACE('',(#274),#275,.T.);
#124=PRESENTATION_STYLE_ASSIGNMENT((#276));
#125=ADVANCED_FACE('',(#277),#278,.T.);
#126=PRESENTATION_STYLE_ASSIGNMENT((#279));
#127=ADVANCED_FACE('',(#280),#281,.T.);
#128=PRESENTATION_STYLE_ASSIGNMENT((#282));
#129=ADVANCED_FACE('',(#283),#284,.T.);
#130=PRESENTATION_STYLE_ASSIGNMENT((#285));
#131=ADVANCED_FACE('',(#286),#287,.T.);
#132=PRESENTATION_STYLE_ASSIGNMENT((#288));
#133=ADVANCED_FACE('',(#289),#290,.T.);
#134=PRESENTATION_STYLE_ASSIGNMENT((#291));
#135=ADVANCED_FACE('',(#292),#293,.T.);
#136=PRESENTATION_STYLE_ASSIGNMENT((#294));
#137=ADVANCED_FACE('',(#295),#296,.T.);
#138=PRESENTATION_STYLE_ASSIGNMENT((#297));
#139=ADVANCED_FACE('',(#298),#299,.T.);
#140=PRESENTATION_STYLE_ASSIGNMENT((#300));
#141=ADVANCED_FACE('',(#301),#302,.T.);
#142=PRESENTATION_STYLE_ASSIGNMENT((#303));
#143=ADVANCED_FACE('',(#304),#305,.T.);
#144=PRESENTATION_STYLE_ASSIGNMENT((#306));
#145=ADVANCED_FACE('',(#307),#308,.T.);
#146=PRESENTATION_STYLE_ASSIGNMENT((#309));
#147=ADVANCED_FACE('',(#310),#311,.F.);
#148=PRESENTATION_STYLE_ASSIGNMENT((#312));
#149=ADVANCED_FACE('',(#313),#314,.F.);
#150=PRESENTATION_STYLE_ASSIGNMENT((#315));
#151=ADVANCED_FACE('',(#316),#317,.F.);
#152=PRESENTATION_STYLE_ASSIGNMENT((#318));
#153=ADVANCED_FACE('',(#319),#320,.F.);
#154=PRESENTATION_STYLE_ASSIGNMENT((#321));
#155=ADVANCED_FACE('',(#322),#323,.F.);
#156=PRESENTATION_STYLE_ASSIGNMENT((#324));
#157=ADVANCED_FACE('',(#325),#326,.F.);
#158=PRESENTATION_STYLE_ASSIGNMENT((#327));
#159=ADVANCED_FACE('',(#328),#329,.F.);
#160=PRESENTATION_STYLE_ASSIGNMENT((#330));
#161=ADVANCED_FACE('',(#331),#332,.F.);
#162=PRESENTATION_STYLE_ASSIGNMENT((#333));
#163=ADVANCED_FACE('',(#334,#335),#336,.F.);
#164=PRESENTATION_STYLE_ASSIGNMENT((#337));
#165=ADVANCED_FACE('',(#338),#339,.T.);
#166=PRESENTATION_STYLE_ASSIGNMENT((#340));
#167=ADVANCED_FACE('',(#341),#342,.T.);
#168=PRESENTATION_STYLE_ASSIGNMENT((#343));
#169=ADVANCED_FACE('',(#344),#345,.T.);
#170=PRESENTATION_STYLE_ASSIGNMENT((#346));
#171=ADVANCED_FACE('',(#347),#348,.T.);
#172=PRESENTATION_STYLE_ASSIGNMENT((#349));
#173=ADVANCED_FACE('',(#350),#351,.T.);
#174=PRESENTATION_STYLE_ASSIGNMENT((#352));
#175=ADVANCED_FACE('',(#353),#354,.T.);
#176=PRESENTATION_STYLE_ASSIGNMENT((#355));
#177=ADVANCED_FACE('',(#356),#357,.T.);
#178=PRESENTATION_STYLE_ASSIGNMENT((#358));
#179=ADVANCED_FACE('',(#359),#360,.T.);
#180=PRESENTATION_STYLE_ASSIGNMENT((#361));
#181=ADVANCED_FACE('',(#362),#363,.T.);
#182=PRESENTATION_STYLE_ASSIGNMENT((#364));
#183=ADVANCED_FACE('',(#365),#366,.T.);
#184=PRESENTATION_STYLE_ASSIGNMENT((#367));
#185=ADVANCED_FACE('',(#368),#369,.T.);
#186=PRESENTATION_STYLE_ASSIGNMENT((#370));
#187=ADVANCED_FACE('',(#371),#372,.T.);
#188=PRESENTATION_STYLE_ASSIGNMENT((#373));
#189=ADVANCED_FACE('',(#374),#375,.T.);
#190=PRESENTATION_STYLE_ASSIGNMENT((#376));
#191=ADVANCED_FACE('',(#377),#378,.T.);
#192=PRESENTATION_STYLE_ASSIGNMENT((#379));
#193=ADVANCED_FACE('',(#380),#381,.T.);
#194=PRESENTATION_STYLE_ASSIGNMENT((#382));
#195=ADVANCED_FACE('',(#383),#384,.T.);
#196=PRESENTATION_STYLE_ASSIGNMENT((#385));
#197=ADVANCED_FACE('',(#386),#387,.T.);
#198=PRESENTATION_STYLE_ASSIGNMENT((#388));
#199=ADVANCED_FACE('',(#389),#390,.T.);
#200=PRESENTATION_STYLE_ASSIGNMENT((#391));
#201=ADVANCED_FACE('',(#392),#393,.T.);
#202=PRESENTATION_STYLE_ASSIGNMENT((#394));
#203=ADVANCED_FACE('',(#395),#396,.T.);
#204=PRESENTATION_STYLE_ASSIGNMENT((#397));
#205=ADVANCED_FACE('',(#398),#399,.T.);
#206=PRESENTATION_STYLE_ASSIGNMENT((#400));
#207=ADVANCED_FACE('',(#401),#402,.T.);
#208=PRESENTATION_STYLE_ASSIGNMENT((#403));
#209=ADVANCED_FACE('',(#404),#405,.T.);
#210=PRESENTATION_STYLE_ASSIGNMENT((#406));
#211=ADVANCED_FACE('',(#407,#408),#409,.T.);
#212=PRESENTATION_STYLE_ASSIGNMENT((#410));
#213=ADVANCED_FACE('',(#411),#412,.F.);
#214=PRESENTATION_STYLE_ASSIGNMENT((#413));
#215=ADVANCED_FACE('',(#414,#415),#416,.T.);
#216=PRESENTATION_STYLE_ASSIGNMENT((#417));
#219=LENGTH_MEASURE_WITH_UNIT(LENGTH_MEASURE(1.0),#418);
#222=DIMENSIONAL_EXPONENTS(1.0,0.0,0.0,0.0,0.0,0.0,0.0);
#224=DIMENSIONAL_EXPONENTS(0.0,0.0,0.0,0.0,0.0,0.0,0.0);
#230=PRODUCT_CONTEXT('',#16,'mechanical');
#231=PRODUCT_DEFINITION_FORMATION_WITH_SPECIFIED_SOURCE(' ','NONE',#93,.NOT_KNOWN.);
#232=CARTESIAN_POINT('',(0.0,0.0,0.0));
#233=DIRECTION('',(0.0,0.0,1.0));
#234=DIRECTION('',(1.0,0.0,0.0));
#235=CARTESIAN_POINT('',(0.0,0.0,0.0));
#236=DIRECTION('',(0.0,0.0,1.0));
#237=DIRECTION('',(1.0,0.0,0.0));
#240=UNCERTAINTY_MEASURE_WITH_UNIT(LENGTH_MEASURE(1.0E-06),#242,'','');
#242= (CONVERSION_BASED_UNIT('MILLIMETRE',#421)LENGTH_UNIT()NAMED_UNIT(#424));
#243= (NAMED_UNIT(#426)PLANE_ANGLE_UNIT()SI_UNIT($,.RADIAN.));
#244= (NAMED_UNIT(#426)SOLID_ANGLE_UNIT()SI_UNIT($,.STERADIAN.));
#246=PRODUCT_CONTEXT('',#21,'mechanical');
#247=PRODUCT_DEFINITION_FORMATION_WITH_SPECIFIED_SOURCE(' ','NONE',#98,.NOT_KNOWN.);
#248=CLOSED_SHELL('',(#107,#109,#111,#113,#115,#117,#119,#121,#123,#125,#127,#129,#131,#133,#135,#137,#139,#141,#143,#145,#147,#149,#151,#153,#155,#157,#159,#161,#163,#165,#167,#169,#171,#173,#175,#177,#179,#181,#183,#185,#187,#189,#191,#193,#195,#197,#199,#201,#203,#205,#207,#209,#211,#213,#215));
#249=SURFACE_STYLE_USAGE(.BOTH.,#432);
#250=FACE_OUTER_BOUND('',#433,.T.);
#251=CYLINDRICAL_SURFACE('',#434,2.0);
#252=SURFACE_STYLE_USAGE(.BOTH.,#435);
#253=FACE_OUTER_BOUND('',#436,.T.);
#254=CONICAL_SURFACE('',#437,3.67,0.922464337707636);
#255=SURFACE_STYLE_USAGE(.BOTH.,#438);
#256=FACE_OUTER_BOUND('',#439,.T.);
#257=CYLINDRICAL_SURFACE('',#440,4.0);
#258=SURFACE_STYLE_USAGE(.BOTH.,#441);
#259=FACE_OUTER_BOUND('',#442,.T.);
#260=CYLINDRICAL_SURFACE('',#443,3.34);
#261=SURFACE_STYLE_USAGE(.BOTH.,#444);
#262=FACE_OUTER_BOUND('',#445,.T.);
#263=CYLINDRICAL_SURFACE('',#446,3.34);
#264=SURFACE_STYLE_USAGE(.BOTH.,#447);
#265=FACE_OUTER_BOUND('',#448,.T.);
#266=CYLINDRICAL_SURFACE('',#449,3.34);
#267=SURFACE_STYLE_USAGE(.BOTH.,#450);
#268=FACE_OUTER_BOUND('',#451,.T.);
#269=CYLINDRICAL_SURFACE('',#452,3.34);
#270=SURFACE_STYLE_USAGE(.BOTH.,#453);
#271=FACE_OUTER_BOUND('',#454,.T.);
#272=CYLINDRICAL_SURFACE('',#455,3.34);
#273=SURFACE_STYLE_USAGE(.BOTH.,#456);
#274=FACE_OUTER_BOUND('',#457,.T.);
#275=CYLINDRICAL_SURFACE('',#458,4.0152793502);
#276=SURFACE_STYLE_USAGE(.BOTH.,#459);
#277=FACE_OUTER_BOUND('',#460,.T.);
#278=CYLINDRICAL_SURFACE('',#461,4.0152793502);
#279=SURFACE_STYLE_USAGE(.BOTH.,#462);
#280=FACE_OUTER_BOUND('',#463,.T.);
#281=CYLINDRICAL_SURFACE('',#464,4.0152793502);
#282=SURFACE_STYLE_USAGE(.BOTH.,#465);
#283=FACE_OUTER_BOUND('',#466,.T.);
#284=CYLINDRICAL_SURFACE('',#467,4.0152793502);
#285=SURFACE_STYLE_USAGE(.BOTH.,#468);
#286=FACE_OUTER_BOUND('',#469,.T.);
#287=CONICAL_SURFACE('',#470,3.61375141515,0.812937156663366);
#288=SURFACE_STYLE_USAGE(.BOTH.,#471);
#289=FACE_OUTER_BOUND('',#472,.T.);
#290=CONICAL_SURFACE('',#473,3.61375141515,0.812937156663366);
#291=SURFACE_STYLE_USAGE(.BOTH.,#474);
#292=FACE_OUTER_BOUND('',#475,.T.);
#293=CONICAL_SURFACE('',#476,3.61375141515,0.812937156663366);
#294=SURFACE_STYLE_USAGE(.BOTH.,#477);
#295=FACE_OUTER_BOUND('',#478,.T.);
#296=CONICAL_SURFACE('',#479,3.61375141515,0.812937156663366);
#297=SURFACE_STYLE_USAGE(.BOTH.,#480);
#298=FACE_OUTER_BOUND('',#481,.T.);
#299=CONICAL_SURFACE('',#482,3.61375141515,0.812937156663366);
#300=SURFACE_STYLE_USAGE(.BOTH.,#483);
#301=FACE_OUTER_BOUND('',#484,.T.);
#302=CONICAL_SURFACE('',#485,3.61375141515,0.812937156663366);
#303=SURFACE_STYLE_USAGE(.BOTH.,#486);
#304=FACE_OUTER_BOUND('',#487,.T.);
#305=CONICAL_SURFACE('',#488,3.61375141515,0.812937156663366);
#306=SURFACE_STYLE_USAGE(.BOTH.,#489);
#307=FACE_OUTER_BOUND('',#490,.T.);
#308=CONICAL_SURFACE('',#491,3.61375141515,0.812937156663366);
#309=SURFACE_STYLE_USAGE(.BOTH.,#492);
#310=FACE_OUTER_BOUND('',#493,.T.);
#311=CONICAL_SURFACE('',#494,2.25,0.785398163397448);
#312=SURFACE_STYLE_USAGE(.BOTH.,#495);
#313=FACE_OUTER_BOUND('',#496,.T.);
#314=CONICAL_SURFACE('',#497,2.25,0.785398163397448);
#315=SURFACE_STYLE_USAGE(.BOTH.,#498);
#316=FACE_OUTER_BOUND('',#499,.T.);
#317=PLANE('',#500);
#318=SURFACE_STYLE_USAGE(.BOTH.,#501);
#319=FACE_OUTER_BOUND('',#502,.T.);
#320=PLANE('',#503);
#321=SURFACE_STYLE_USAGE(.BOTH.,#504);
#322=FACE_OUTER_BOUND('',#505,.T.);
#323=PLANE('',#506);
#324=SURFACE_STYLE_USAGE(.BOTH.,#507);
#325=FACE_OUTER_BOUND('',#508,.T.);
#326=PLANE('',#509);
#327=SURFACE_STYLE_USAGE(.BOTH.,#510);
#328=FACE_OUTER_BOUND('',#511,.T.);
#329=PLANE('',#512);
#330=SURFACE_STYLE_USAGE(.BOTH.,#513);
#331=FACE_OUTER_BOUND('',#514,.T.);
#332=PLANE('',#515);
#333=SURFACE_STYLE_USAGE(.BOTH.,#516);
#334=FACE_BOUND('',#517,.T.);
#335=FACE_OUTER_BOUND('',#518,.T.);
#336=PLANE('',#519);
#337=SURFACE_STYLE_USAGE(.BOTH.,#520);
#338=FACE_OUTER_BOUND('',#521,.T.);
#339=CONICAL_SURFACE('',#522,3.61375141515,0.812937156663366);
#340=SURFACE_STYLE_USAGE(.BOTH.,#523);
#341=FACE_OUTER_BOUND('',#524,.T.);
#342=CONICAL_SURFACE('',#525,3.61375141515,0.812937156663366);
#343=SURFACE_STYLE_USAGE(.BOTH.,#526);
#344=FACE_OUTER_BOUND('',#527,.T.);
#345=CONICAL_SURFACE('',#528,3.61375141515,0.812937156663366);
#346=SURFACE_STYLE_USAGE(.BOTH.,#529);
#347=FACE_OUTER_BOUND('',#530,.T.);
#348=CONICAL_SURFACE('',#531,3.61375141515,0.812937156663366);
#349=SURFACE_STYLE_USAGE(.BOTH.,#532);
#350=FACE_OUTER_BOUND('',#533,.T.);
#351=CONICAL_SURFACE('',#534,3.61375141515,0.812937156663366);
#352=SURFACE_STYLE_USAGE(.BOTH.,#535);
#353=FACE_OUTER_BOUND('',#536,.T.);
#354=CONICAL_SURFACE('',#537,3.61375141515,0.812937156663366);
#355=SURFACE_STYLE_USAGE(.BOTH.,#538);
#356=FACE_OUTER_BOUND('',#539,.T.);
#357=CONICAL_SURFACE('',#540,3.61375141515,0.812937156663366);
#358=SURFACE_STYLE_USAGE(.BOTH.,#541);
#359=FACE_OUTER_BOUND('',#542,.T.);
#360=CONICAL_SURFACE('',#543,3.61375141515,0.812937156663366);
#361=SURFACE_STYLE_USAGE(.BOTH.,#544);
#362=FACE_OUTER_BOUND('',#545,.T.);
#363=CYLINDRICAL_SURFACE('',#546,4.0152793502);
#364=SURFACE_STYLE_USAGE(.BOTH.,#547);
#365=FACE_OUTER_BOUND('',#548,.T.);
#366=PLANE('',#549);
#367=SURFACE_STYLE_USAGE(.BOTH.,#550);
#368=FACE_OUTER_BOUND('',#551,.T.);
#369=CYLINDRICAL_SURFACE('',#552,4.0152793502);
#370=SURFACE_STYLE_USAGE(.BOTH.,#553);
#371=FACE_OUTER_BOUND('',#554,.T.);
#372=PLANE('',#555);
#373=SURFACE_STYLE_USAGE(.BOTH.,#556);
#374=FACE_OUTER_BOUND('',#557,.T.);
#375=CYLINDRICAL_SURFACE('',#558,4.0152793502);
#376=SURFACE_STYLE_USAGE(.BOTH.,#559);
#377=FACE_OUTER_BOUND('',#560,.T.);
#378=PLANE('',#561);
#379=SURFACE_STYLE_USAGE(.BOTH.,#562);
#380=FACE_OUTER_BOUND('',#563,.T.);
#381=CYLINDRICAL_SURFACE('',#564,4.0152793502);
#382=SURFACE_STYLE_USAGE(.BOTH.,#565);
#383=FACE_OUTER_BOUND('',#566,.T.);
#384=PLANE('',#567);
#385=SURFACE_STYLE_USAGE(.BOTH.,#568);
#386=FACE_OUTER_BOUND('',#569,.T.);
#387=CYLINDRICAL_SURFACE('',#570,3.34);
#388=SURFACE_STYLE_USAGE(.BOTH.,#571);
#389=FACE_OUTER_BOUND('',#572,.T.);
#390=CYLINDRICAL_SURFACE('',#573,3.34);
#391=SURFACE_STYLE_USAGE(.BOTH.,#574);
#392=FACE_OUTER_BOUND('',#575,.T.);
#393=CYLINDRICAL_SURFACE('',#576,3.34);
#394=SURFACE_STYLE_USAGE(.BOTH.,#577);
#395=FACE_OUTER_BOUND('',#578,.T.);
#396=CYLINDRICAL_SURFACE('',#579,3.34);
#397=SURFACE_STYLE_USAGE(.BOTH.,#580);
#398=FACE_OUTER_BOUND('',#581,.T.);
#399=CYLINDRICAL_SURFACE('',#582,3.34);
#400=SURFACE_STYLE_USAGE(.BOTH.,#583);
#401=FACE_OUTER_BOUND('',#584,.T.);
#402=CYLINDRICAL_SURFACE('',#585,4.0);
#403=SURFACE_STYLE_USAGE(.BOTH.,#586);
#404=FACE_OUTER_BOUND('',#587,.T.);
#405=CONICAL_SURFACE('',#588,3.67,0.922464337707636);
#406=SURFACE_STYLE_USAGE(.BOTH.,#589);
#407=FACE_BOUND('',#590,.T.);
#408=FACE_OUTER_BOUND('',#591,.T.);
#409=PLANE('',#592);
#410=SURFACE_STYLE_USAGE(.BOTH.,#593);
#411=FACE_OUTER_BOUND('',#594,.T.);
#412=CYLINDRICAL_SURFACE('',#595,2.0);
#413=SURFACE_STYLE_USAGE(.BOTH.,#596);
#414=FACE_BOUND('',#597,.T.);
#415=FACE_OUTER_BOUND('',#598,.T.);
#416=PLANE('',#599);
#417=SURFACE_STYLE_USAGE(.BOTH.,#600);
#418= (NAMED_UNIT(#222)LENGTH_UNIT()SI_UNIT(.MILLI.,.METRE.));
#421=LENGTH_MEASURE_WITH_UNIT(LENGTH_MEASURE(1.0),#602);
#424=DIMENSIONAL_EXPONENTS(1.0,0.0,0.0,0.0,0.0,0.0,0.0);
#426=DIMENSIONAL_EXPONENTS(0.0,0.0,0.0,0.0,0.0,0.0,0.0);
#432=SURFACE_SIDE_STYLE('',(#603));
#433=EDGE_LOOP('',(#604,#605,#606,#607));
#434=AXIS2_PLACEMENT_3D('',#608,#609,#610);
#435=SURFACE_SIDE_STYLE('',(#611));
#436=EDGE_LOOP('',(#612,#613,#614,#615));
#437=AXIS2_PLACEMENT_3D('',#616,#617,#618);
#438=SURFACE_SIDE_STYLE('',(#619));
#439=EDGE_LOOP('',(#620,#621,#622,#623));
#440=AXIS2_PLACEMENT_3D('',#624,#625,#626);
#441=SURFACE_SIDE_STYLE('',(#627));
#442=EDGE_LOOP('',(#628,#629,#630,#631,#632));
#443=AXIS2_PLACEMENT_3D('',#633,#634,#635);
#444=SURFACE_SIDE_STYLE('',(#636));
#445=EDGE_LOOP('',(#637,#638,#639,#640,#641));
#446=AXIS2_PLACEMENT_3D('',#642,#643,#644);
#447=SURFACE_SIDE_STYLE('',(#645));
#448=EDGE_LOOP('',(#646,#647,#648,#649,#650));
#449=AXIS2_PLACEMENT_3D('',#651,#652,#653);
#450=SURFACE_SIDE_STYLE('',(#654));
#451=EDGE_LOOP('',(#655,#656,#657,#658,#659));
#452=AXIS2_PLACEMENT_3D('',#660,#661,#662);
#453=SURFACE_SIDE_STYLE('',(#663));
#454=EDGE_LOOP('',(#664,#665,#666,#667));
#455=AXIS2_PLACEMENT_3D('',#668,#669,#670);
#456=SURFACE_SIDE_STYLE('',(#671));
#457=EDGE_LOOP('',(#672,#673,#674,#675));
#458=AXIS2_PLACEMENT_3D('',#676,#677,#678);
#459=SURFACE_SIDE_STYLE('',(#679));
#460=EDGE_LOOP('',(#680,#681,#682,#683));
#461=AXIS2_PLACEMENT_3D('',#684,#685,#686);
#462=SURFACE_SIDE_STYLE('',(#687));
#463=EDGE_LOOP('',(#688,#689,#690,#691));
#464=AXIS2_PLACEMENT_3D('',#692,#693,#694);
#465=SURFACE_SIDE_STYLE('',(#695));
#466=EDGE_LOOP('',(#696,#697,#698,#699));
#467=AXIS2_PLACEMENT_3D('',#700,#701,#702);
#468=SURFACE_SIDE_STYLE('',(#703));
#469=EDGE_LOOP('',(#704,#705,#706,#707));
#470=AXIS2_PLACEMENT_3D('',#708,#709,#710);
#471=SURFACE_SIDE_STYLE('',(#711));
#472=EDGE_LOOP('',(#712,#713,#714,#715));
#473=AXIS2_PLACEMENT_3D('',#716,#717,#718);
#474=SURFACE_SIDE_STYLE('',(#719));
#475=EDGE_LOOP('',(#720,#721,#722,#723));
#476=AXIS2_PLACEMENT_3D('',#724,#725,#726);
#477=SURFACE_SIDE_STYLE('',(#727));
#478=EDGE_LOOP('',(#728,#729,#730,#731));
#479=AXIS2_PLACEMENT_3D('',#732,#733,#734);
#480=SURFACE_SIDE_STYLE('',(#735));
#481=EDGE_LOOP('',(#736,#737,#738,#739,#740));
#482=AXIS2_PLACEMENT_3D('',#741,#742,#743);
#483=SURFACE_SIDE_STYLE('',(#744));
#484=EDGE_LOOP('',(#745,#746,#747,#748,#749));
#485=AXIS2_PLACEMENT_3D('',#750,#751,#752);
#486=SURFACE_SIDE_STYLE('',(#753));
#487=EDGE_LOOP('',(#754,#755,#756,#757,#758));
#488=AXIS2_PLACEMENT_3D('',#759,#760,#761);
#489=SURFACE_SIDE_STYLE('',(#762));
#490=EDGE_LOOP('',(#763,#764,#765,#766,#767));
#491=AXIS2_PLACEMENT_3D('',#768,#769,#770);
#492=SURFACE_SIDE_STYLE('',(#771));
#493=EDGE_LOOP('',(#772,#773,#774,#775));
#494=AXIS2_PLACEMENT_3D('',#776,#777,#778);
#495=SURFACE_SIDE_STYLE('',(#779));
#496=EDGE_LOOP('',(#780,#781,#782,#783));
#497=AXIS2_PLACEMENT_3D('',#784,#785,#786);
#498=SURFACE_SIDE_STYLE('',(#787));
#499=EDGE_LOOP('',(#788,#789,#790,#791));
#500=AXIS2_PLACEMENT_3D('',#792,#793,#794);
#501=SURFACE_SIDE_STYLE('',(#795));
#502=EDGE_LOOP('',(#796,#797,#798,#799));
#503=AXIS2_PLACEMENT_3D('',#800,#801,#802);
#504=SURFACE_SIDE_STYLE('',(#803));
#505=EDGE_LOOP('',(#804,#805,#806,#807));
#506=AXIS2_PLACEMENT_3D('',#808,#809,#810);
#507=SURFACE_SIDE_STYLE('',(#811));
#508=EDGE_LOOP('',(#812,#813,#814,#815));
#509=AXIS2_PLACEMENT_3D('',#816,#817,#818);
#510=SURFACE_SIDE_STYLE('',(#819));
#511=EDGE_LOOP('',(#820,#821,#822,#823));
#512=AXIS2_PLACEMENT_3D('',#824,#825,#826);
#513=SURFACE_SIDE_STYLE('',(#827));
#514=EDGE_LOOP('',(#828,#829,#830,#831));
#515=AXIS2_PLACEMENT_3D('',#832,#833,#834);
#516=SURFACE_SIDE_STYLE('',(#835));
#517=EDGE_LOOP('',(#836,#837));
#518=EDGE_LOOP('',(#838,#839,#840,#841,#842,#843));
#519=AXIS2_PLACEMENT_3D('',#844,#845,#846);
#520=SURFACE_SIDE_STYLE('',(#847));
#521=EDGE_LOOP('',(#848,#849,#850,#851,#852));
#522=AXIS2_PLACEMENT_3D('',#853,#854,#855);
#523=SURFACE_SIDE_STYLE('',(#856));
#524=EDGE_LOOP('',(#857,#858,#859,#860,#861));
#525=AXIS2_PLACEMENT_3D('',#862,#863,#864);
#526=SURFACE_SIDE_STYLE('',(#865));
#527=EDGE_LOOP('',(#866,#867,#868,#869,#870));
#528=AXIS2_PLACEMENT_3D('',#871,#872,#873);
#529=SURFACE_SIDE_STYLE('',(#874));
#530=EDGE_LOOP('',(#875,#876,#877,#878,#879));
#531=AXIS2_PLACEMENT_3D('',#880,#881,#882);
#532=SURFACE_SIDE_STYLE('',(#883));
#533=EDGE_LOOP('',(#884,#885,#886,#887));
#534=AXIS2_PLACEMENT_3D('',#888,#889,#890);
#535=SURFACE_SIDE_STYLE('',(#891));
#536=EDGE_LOOP('',(#892,#893,#894,#895));
#537=AXIS2_PLACEMENT_3D('',#896,#897,#898);
#538=SURFACE_SIDE_STYLE('',(#899));
#539=EDGE_LOOP('',(#900,#901,#902,#903));
#540=AXIS2_PLACEMENT_3D('',#904,#905,#906);
#541=SURFACE_SIDE_STYLE('',(#907));
#542=EDGE_LOOP('',(#908,#909,#910,#911));
#543=AXIS2_PLACEMENT_3D('',#912,#913,#914);
#544=SURFACE_SIDE_STYLE('',(#915));
#545=EDGE_LOOP('',(#916,#917,#918,#919));
#546=AXIS2_PLACEMENT_3D('',#920,#921,#922);
#547=SURFACE_SIDE_STYLE('',(#923));
#548=EDGE_LOOP('',(#924,#925,#926,#927));
#549=AXIS2_PLACEMENT_3D('',#928,#929,#930);
#550=SURFACE_SIDE_STYLE('',(#931));
#551=EDGE_LOOP('',(#932,#933,#934,#935));
#552=AXIS2_PLACEMENT_3D('',#936,#937,#938);
#553=SURFACE_SIDE_STYLE('',(#939));
#554=EDGE_LOOP('',(#940,#941,#942,#943));
#555=AXIS2_PLACEMENT_3D('',#944,#945,#946);
#556=SURFACE_SIDE_STYLE('',(#947));
#557=EDGE_LOOP('',(#948,#949,#950,#951));
#558=AXIS2_PLACEMENT_3D('',#952,#953,#954);
#559=SURFACE_SIDE_STYLE('',(#955));
#560=EDGE_LOOP('',(#956,#957,#958,#959));
#561=AXIS2_PLACEMENT_3D('',#960,#961,#962);
#562=SURFACE_SIDE_STYLE('',(#963));
#563=EDGE_LOOP('',(#964,#965,#966,#967));
#564=AXIS2_PLACEMENT_3D('',#968,#969,#970);
#565=SURFACE_SIDE_STYLE('',(#971));
#566=EDGE_LOOP('',(#972,#973,#974,#975));
#567=AXIS2_PLACEMENT_3D('',#976,#977,#978);
#568=SURFACE_SIDE_STYLE('',(#979));
#569=EDGE_LOOP('',(#980,#981,#982,#983));
#570=AXIS2_PLACEMENT_3D('',#984,#985,#986);
#571=SURFACE_SIDE_STYLE('',(#987));
#572=EDGE_LOOP('',(#988,#989,#990,#991,#992));
#573=AXIS2_PLACEMENT_3D('',#993,#994,#995);
#574=SURFACE_SIDE_STYLE('',(#996));
#575=EDGE_LOOP('',(#997,#998,#999,#1000,#1001));
#576=AXIS2_PLACEMENT_3D('',#1002,#1003,#1004);
#577=SURFACE_SIDE_STYLE('',(#1005));
#578=EDGE_LOOP('',(#1006,#1007,#1008,#1009,#1010));
#579=AXIS2_PLACEMENT_3D('',#1011,#1012,#1013);
#580=SURFACE_SIDE_STYLE('',(#1014));
#581=EDGE_LOOP('',(#1015,#1016,#1017,#1018,#1019));
#582=AXIS2_PLACEMENT_3D('',#1020,#1021,#1022);
#583=SURFACE_SIDE_STYLE('',(#1023));
#584=EDGE_LOOP('',(#1024,#1025,#1026,#1027));
#585=AXIS2_PLACEMENT_3D('',#1028,#1029,#1030);
#586=SURFACE_SIDE_STYLE('',(#1031));
#587=EDGE_LOOP('',(#1032,#1033,#1034,#1035));
#588=AXIS2_PLACEMENT_3D('',#1036,#1037,#1038);
#589=SURFACE_SIDE_STYLE('',(#1039));
#590=EDGE_LOOP('',(#1040,#1041));
#591=EDGE_LOOP('',(#1042,#1043));
#592=AXIS2_PLACEMENT_3D('',#1044,#1045,#1046);
#593=SURFACE_SIDE_STYLE('',(#1047));
#594=EDGE_LOOP('',(#1048,#1049,#1050,#1051));
#595=AXIS2_PLACEMENT_3D('',#1052,#1053,#1054);
#596=SURFACE_SIDE_STYLE('',(#1055));
#597=EDGE_LOOP('',(#1056,#1057,#1058,#1059,#1060,#1061));
#598=EDGE_LOOP('',(#1062,#1063));
#599=AXIS2_PLACEMENT_3D('',#1064,#1065,#1066);
#600=SURFACE_SIDE_STYLE('',(#1067));
#602= (NAMED_UNIT(#424)LENGTH_UNIT()SI_UNIT(.MILLI.,.METRE.));
#603=SURFACE_STYLE_FILL_AREA(#1069);
#604=ORIENTED_EDGE('',*,*,#1070,.F.);
#605=ORIENTED_EDGE('',*,*,#1071,.F.);
#606=ORIENTED_EDGE('',*,*,#1072,.F.);
#607=ORIENTED_EDGE('',*,*,#1073,.T.);
#608=CARTESIAN_POINT('',(5.0,0.0,0.0));
#609=DIRECTION('',(1.0,0.0,-0.0));
#610=DIRECTION('',(0.0,0.0,1.0));
#611=SURFACE_STYLE_FILL_AREA(#1074);
#612=ORIENTED_EDGE('',*,*,#1075,.F.);
#613=ORIENTED_EDGE('',*,*,#1076,.T.);
#614=ORIENTED_EDGE('',*,*,#1077,.F.);
#615=ORIENTED_EDGE('',*,*,#1078,.F.);
#616=CARTESIAN_POINT('',(0.75,0.0,0.0));
#617=DIRECTION('',(-1.0,-0.0,0.0));
#618=DIRECTION('',(0.0,0.0,1.0));
#619=SURFACE_STYLE_FILL_AREA(#1079);
#620=ORIENTED_EDGE('',*,*,#1080,.F.);
#621=ORIENTED_EDGE('',*,*,#1081,.T.);
#622=ORIENTED_EDGE('',*,*,#1082,.F.);
#623=ORIENTED_EDGE('',*,*,#1076,.F.);
#624=CARTESIAN_POINT('',(0.25,0.0,0.0));
#625=DIRECTION('',(1.0,0.0,-0.0));
#626=DIRECTION('',(0.0,0.0,1.0));
#627=SURFACE_STYLE_FILL_AREA(#1083);
#628=ORIENTED_EDGE('',*,*,#1084,.F.);
#629=ORIENTED_EDGE('',*,*,#1085,.T.);
#630=ORIENTED_EDGE('',*,*,#1086,.T.);
#631=ORIENTED_EDGE('',*,*,#1087,.F.);
#632=ORIENTED_EDGE('',*,*,#1088,.F.);
#633=CARTESIAN_POINT('',(5.5,0.0,0.0));
#634=DIRECTION('',(1.0,0.0,-0.0));
#635=DIRECTION('',(0.0,0.0,1.0));
#636=SURFACE_STYLE_FILL_AREA(#1089);
#637=ORIENTED_EDGE('',*,*,#1090,.F.);
#638=ORIENTED_EDGE('',*,*,#1091,.T.);
#639=ORIENTED_EDGE('',*,*,#1092,.T.);
#640=ORIENTED_EDGE('',*,*,#1093,.F.);
#641=ORIENTED_EDGE('',*,*,#1094,.T.);
#642=CARTESIAN_POINT('',(5.5,0.0,0.0));
#643=DIRECTION('',(1.0,0.0,-0.0));
#644=DIRECTION('',(0.0,0.0,1.0));
#645=SURFACE_STYLE_FILL_AREA(#1095);
#646=ORIENTED_EDGE('',*,*,#1096,.F.);
#647=ORIENTED_EDGE('',*,*,#1097,.T.);
#648=ORIENTED_EDGE('',*,*,#1098,.T.);
#649=ORIENTED_EDGE('',*,*,#1099,.F.);
#650=ORIENTED_EDGE('',*,*,#1100,.T.);
#651=CARTESIAN_POINT('',(5.5,0.0,0.0));
#652=DIRECTION('',(1.0,0.0,-0.0));
#653=DIRECTION('',(0.0,0.0,1.0));
#654=SURFACE_STYLE_FILL_AREA(#1101);
#655=ORIENTED_EDGE('',*,*,#1102,.F.);
#656=ORIENTED_EDGE('',*,*,#1103,.T.);
#657=ORIENTED_EDGE('',*,*,#1104,.T.);
#658=ORIENTED_EDGE('',*,*,#1105,.F.);
#659=ORIENTED_EDGE('',*,*,#1106,.T.);
#660=CARTESIAN_POINT('',(5.5,0.0,0.0));
#661=DIRECTION('',(1.0,0.0,-0.0));
#662=DIRECTION('',(0.0,0.0,1.0));
#663=SURFACE_STYLE_FILL_AREA(#1107);
#664=ORIENTED_EDGE('',*,*,#1108,.F.);
#665=ORIENTED_EDGE('',*,*,#1078,.T.);
#666=ORIENTED_EDGE('',*,*,#1109,.F.);
#667=ORIENTED_EDGE('',*,*,#1110,.T.);
#668=CARTESIAN_POINT('',(5.5,0.0,0.0));
#669=DIRECTION('',(1.0,0.0,-0.0));
#670=DIRECTION('',(0.0,0.0,1.0));
#671=SURFACE_STYLE_FILL_AREA(#1111);
#672=ORIENTED_EDGE('',*,*,#1112,.F.);
#673=ORIENTED_EDGE('',*,*,#1113,.T.);
#674=ORIENTED_EDGE('',*,*,#1114,.F.);
#675=ORIENTED_EDGE('',*,*,#1115,.F.);
#676=CARTESIAN_POINT('',(2.85672744036251,0.0,0.074953938721695));
#677=DIRECTION('',(0.996194698095946,0.0,0.0871557426996453));
#678=DIRECTION('',(-0.0871557426996453,0.0,0.996194698095946));
#679=SURFACE_STYLE_FILL_AREA(#1116);
#680=ORIENTED_EDGE('',*,*,#1117,.F.);
#681=ORIENTED_EDGE('',*,*,#1118,.T.);
#682=ORIENTED_EDGE('',*,*,#1119,.F.);
#683=ORIENTED_EDGE('',*,*,#1120,.F.);
#684=CARTESIAN_POINT('',(4.57018232106251,0.0,0.0749539387216949));
#685=DIRECTION('',(0.996194698095946,0.0,0.0871557426996453));
#686=DIRECTION('',(-0.0871557426996453,0.0,0.996194698095946));
#687=SURFACE_STYLE_FILL_AREA(#1121);
#688=ORIENTED_EDGE('',*,*,#1122,.F.);
#689=ORIENTED_EDGE('',*,*,#1123,.T.);
#690=ORIENTED_EDGE('',*,*,#1124,.F.);
#691=ORIENTED_EDGE('',*,*,#1125,.F.);
#692=CARTESIAN_POINT('',(6.28363720176251,0.0,0.074953938721695));
#693=DIRECTION('',(0.996194698095946,0.0,0.0871557426996453));
#694=DIRECTION('',(-0.0871557426996453,0.0,0.996194698095946));
#695=SURFACE_STYLE_FILL_AREA(#1126);
#696=ORIENTED_EDGE('',*,*,#1127,.F.);
#697=ORIENTED_EDGE('',*,*,#1128,.T.);
#698=ORIENTED_EDGE('',*,*,#1129,.F.);
#699=ORIENTED_EDGE('',*,*,#1130,.F.);
#700=CARTESIAN_POINT('',(7.99709208256251,0.0,0.074953938721695));
#701=DIRECTION('',(0.996194698095946,0.0,0.0871557426996453));
#702=DIRECTION('',(-0.0871557426996453,0.0,0.996194698095946));
#703=SURFACE_STYLE_FILL_AREA(#1131);
#704=ORIENTED_EDGE('',*,*,#1132,.F.);
#705=ORIENTED_EDGE('',*,*,#1110,.F.);
#706=ORIENTED_EDGE('',*,*,#1133,.F.);
#707=ORIENTED_EDGE('',*,*,#1113,.F.);
#708=CARTESIAN_POINT('',(2.37855398527646,0.0,0.0331191822258652));
#709=DIRECTION('',(0.996194698095946,0.0,0.0871557426996453));
#710=DIRECTION('',(-0.0871557426996453,0.0,0.996194698095946));
#711=SURFACE_STYLE_FILL_AREA(#1134);
#712=ORIENTED_EDGE('',*,*,#1135,.F.);
#713=ORIENTED_EDGE('',*,*,#1106,.F.);
#714=ORIENTED_EDGE('',*,*,#1136,.F.);
#715=ORIENTED_EDGE('',*,*,#1118,.F.);
#716=CARTESIAN_POINT('',(4.09200886597646,0.0,0.0331191822258652));
#717=DIRECTION('',(0.996194698095946,0.0,0.0871557426996453));
#718=DIRECTION('',(-0.0871557426996453,0.0,0.996194698095946));
#719=SURFACE_STYLE_FILL_AREA(#1137);
#720=ORIENTED_EDGE('',*,*,#1138,.F.);
#721=ORIENTED_EDGE('',*,*,#1100,.F.);
#722=ORIENTED_EDGE('',*,*,#1139,.F.);
#723=ORIENTED_EDGE('',*,*,#1123,.F.);
#724=CARTESIAN_POINT('',(5.80546374667646,0.0,0.0331191822258652));
#725=DIRECTION('',(0.996194698095946,0.0,0.0871557426996453));
#726=DIRECTION('',(-0.0871557426996453,0.0,0.996194698095946));
#727=SURFACE_STYLE_FILL_AREA(#1140);
#728=ORIENTED_EDGE('',*,*,#1141,.F.);
#729=ORIENTED_EDGE('',*,*,#1094,.F.);
#730=ORIENTED_EDGE('',*,*,#1142,.F.);
#731=ORIENTED_EDGE('',*,*,#1128,.F.);
#732=CARTESIAN_POINT('',(7.51891862747646,0.0,0.0331191822258652));
#733=DIRECTION('',(0.996194698095946,0.0,0.0871557426996453));
#734=DIRECTION('',(-0.0871557426996453,0.0,0.996194698095946));
#735=SURFACE_STYLE_FILL_AREA(#1143);
#736=ORIENTED_EDGE('',*,*,#1144,.F.);
#737=ORIENTED_EDGE('',*,*,#1115,.T.);
#738=ORIENTED_EDGE('',*,*,#1145,.F.);
#739=ORIENTED_EDGE('',*,*,#1104,.F.);
#740=ORIENTED_EDGE('',*,*,#1146,.F.);
#741=CARTESIAN_POINT('',(3.33490089544857,0.0,0.116788695217525));
#742=DIRECTION('',(-0.996194698095946,-0.0,-0.0871557426996453));
#743=DIRECTION('',(-0.0871557426996453,0.0,0.996194698095946));
#744=SURFACE_STYLE_FILL_AREA(#1147);
#745=ORIENTED_EDGE('',*,*,#1148,.F.);
#746=ORIENTED_EDGE('',*,*,#1120,.T.);
#747=ORIENTED_EDGE('',*,*,#1149,.F.);
#748=ORIENTED_EDGE('',*,*,#1098,.F.);
#749=ORIENTED_EDGE('',*,*,#1150,.F.);
#750=CARTESIAN_POINT('',(5.04835577614857,0.0,0.116788695217525));
#751=DIRECTION('',(-0.996194698095946,-0.0,-0.0871557426996453));
#752=DIRECTION('',(-0.0871557426996453,0.0,0.996194698095946));
#753=SURFACE_STYLE_FILL_AREA(#1151);
#754=ORIENTED_EDGE('',*,*,#1152,.F.);
#755=ORIENTED_EDGE('',*,*,#1125,.T.);
#756=ORIENTED_EDGE('',*,*,#1153,.F.);
#757=ORIENTED_EDGE('',*,*,#1092,.F.);
#758=ORIENTED_EDGE('',*,*,#1154,.F.);
#759=CARTESIAN_POINT('',(6.76181065684857,0.0,0.116788695217525));
#760=DIRECTION('',(-0.996194698095946,-0.0,-0.0871557426996453));
#761=DIRECTION('',(-0.0871557426996453,0.0,0.996194698095946));
#762=SURFACE_STYLE_FILL_AREA(#1155);
#763=ORIENTED_EDGE('',*,*,#1156,.F.);
#764=ORIENTED_EDGE('',*,*,#1130,.T.);
#765=ORIENTED_EDGE('',*,*,#1157,.F.);
#766=ORIENTED_EDGE('',*,*,#1086,.F.);
#767=ORIENTED_EDGE('',*,*,#1158,.F.);
#768=CARTESIAN_POINT('',(8.47526553764857,0.0,0.116788695217525));
#769=DIRECTION('',(-0.996194698095946,-0.0,-0.0871557426996453));
#770=DIRECTION('',(-0.0871557426996453,0.0,0.996194698095946));
#771=SURFACE_STYLE_FILL_AREA(#1159);
#772=ORIENTED_EDGE('',*,*,#1160,.F.);
#773=ORIENTED_EDGE('',*,*,#1161,.F.);
#774=ORIENTED_EDGE('',*,*,#1162,.F.);
#775=ORIENTED_EDGE('',*,*,#1163,.F.);
#776=CARTESIAN_POINT('',(9.75,0.0,0.0));
#777=DIRECTION('',(1.0,-0.0,-0.0));
#778=DIRECTION('',(0.0,0.0,1.0));
#779=SURFACE_STYLE_FILL_AREA(#1164);
#780=ORIENTED_EDGE('',*,*,#1160,.T.);
#781=ORIENTED_EDGE('',*,*,#1073,.F.);
#782=ORIENTED_EDGE('',*,*,#1162,.T.);
#783=ORIENTED_EDGE('',*,*,#1165,.F.);
#784=CARTESIAN_POINT('',(9.75,0.0,0.0));
#785=DIRECTION('',(1.0,-0.0,-0.0));
#786=DIRECTION('',(0.0,0.0,1.0));
#787=SURFACE_STYLE_FILL_AREA(#1166);
#788=ORIENTED_EDGE('',*,*,#1167,.F.);
#789=ORIENTED_EDGE('',*,*,#1168,.F.);
#790=ORIENTED_EDGE('',*,*,#1169,.F.);
#791=ORIENTED_EDGE('',*,*,#1170,.T.);
#792=CARTESIAN_POINT('',(0.0,-1.1,1.9052558883));
#793=DIRECTION('',(0.0,-0.499999999994929,0.866025403787367));
#794=DIRECTION('',(-0.0,-0.866025403787367,-0.499999999994929));
#795=SURFACE_STYLE_FILL_AREA(#1171);
#796=ORIENTED_EDGE('',*,*,#1172,.F.);
#797=ORIENTED_EDGE('',*,*,#1170,.F.);
#798=ORIENTED_EDGE('',*,*,#1173,.F.);
#799=ORIENTED_EDGE('',*,*,#1174,.T.);
#800=CARTESIAN_POINT('',(0.0,1.1,1.9052558883));
#801=DIRECTION('',(0.0,0.499999999994929,0.866025403787367));
#802=DIRECTION('',(0.0,-0.866025403787367,0.499999999994929));
#803=SURFACE_STYLE_FILL_AREA(#1175);
#804=ORIENTED_EDGE('',*,*,#1176,.F.);
#805=ORIENTED_EDGE('',*,*,#1174,.F.);
#806=ORIENTED_EDGE('',*,*,#1177,.F.);
#807=ORIENTED_EDGE('',*,*,#1178,.T.);
#808=CARTESIAN_POINT('',(0.0,2.2,0.0));
#809=DIRECTION('',(0.0,1.0,0.0));
#810=DIRECTION('',(0.0,0.0,1.0));
#811=SURFACE_STYLE_FILL_AREA(#1179);
#812=ORIENTED_EDGE('',*,*,#1180,.F.);
#813=ORIENTED_EDGE('',*,*,#1178,.F.);
#814=ORIENTED_EDGE('',*,*,#1181,.F.);
#815=ORIENTED_EDGE('',*,*,#1182,.T.);
#816=CARTESIAN_POINT('',(0.0,1.1,-1.9052558883));
#817=DIRECTION('',(0.0,0.499999999994929,-0.866025403787367));
#818=DIRECTION('',(0.0,0.866025403787367,0.499999999994929));
#819=SURFACE_STYLE_FILL_AREA(#1183);
#820=ORIENTED_EDGE('',*,*,#1184,.F.);
#821=ORIENTED_EDGE('',*,*,#1182,.F.);
#822=ORIENTED_EDGE('',*,*,#1185,.F.);
#823=ORIENTED_EDGE('',*,*,#1186,.T.);
#824=CARTESIAN_POINT('',(0.0,-1.1,-1.9052558883));
#825=DIRECTION('',(0.0,-0.499999999994929,-0.866025403787367));
#826=DIRECTION('',(0.0,0.866025403787367,-0.499999999994929));
#827=SURFACE_STYLE_FILL_AREA(#1187);
#828=ORIENTED_EDGE('',*,*,#1188,.F.);
#829=ORIENTED_EDGE('',*,*,#1186,.F.);
#830=ORIENTED_EDGE('',*,*,#1189,.F.);
#831=ORIENTED_EDGE('',*,*,#1168,.T.);
#832=CARTESIAN_POINT('',(0.0,-2.2,0.0));
#833=DIRECTION('',(0.0,-1.0,-0.0));
#834=DIRECTION('',(-0.0,0.0,-1.0));
#835=SURFACE_STYLE_FILL_AREA(#1190);
#836=ORIENTED_EDGE('',*,*,#1191,.T.);
#837=ORIENTED_EDGE('',*,*,#1071,.T.);
#838=ORIENTED_EDGE('',*,*,#1167,.T.);
#839=ORIENTED_EDGE('',*,*,#1172,.T.);
#840=ORIENTED_EDGE('',*,*,#1176,.T.);
#841=ORIENTED_EDGE('',*,*,#1180,.T.);
#842=ORIENTED_EDGE('',*,*,#1184,.T.);
#843=ORIENTED_EDGE('',*,*,#1188,.T.);
#844=CARTESIAN_POINT('',(2.5,0.0,0.0));
#845=DIRECTION('',(1.0,0.0,0.0));
#846=DIRECTION('',(0.0,1.0,0.0));
#847=SURFACE_STYLE_FILL_AREA(#1192);
#848=ORIENTED_EDGE('',*,*,#1156,.T.);
#849=ORIENTED_EDGE('',*,*,#1193,.F.);
#850=ORIENTED_EDGE('',*,*,#1194,.F.);
#851=ORIENTED_EDGE('',*,*,#1157,.T.);
#852=ORIENTED_EDGE('',*,*,#1195,.T.);
#853=CARTESIAN_POINT('',(8.47526553764857,0.0,0.116788695217525));
#854=DIRECTION('',(-0.996194698095946,-0.0,-0.0871557426996453));
#855=DIRECTION('',(-0.0871557426996453,0.0,0.996194698095946));
#856=SURFACE_STYLE_FILL_AREA(#1196);
#857=ORIENTED_EDGE('',*,*,#1152,.T.);
#858=ORIENTED_EDGE('',*,*,#1197,.F.);
#859=ORIENTED_EDGE('',*,*,#1198,.F.);
#860=ORIENTED_EDGE('',*,*,#1153,.T.);
#861=ORIENTED_EDGE('',*,*,#1199,.T.);
#862=CARTESIAN_POINT('',(6.76181065684857,0.0,0.116788695217525));
#863=DIRECTION('',(-0.996194698095946,-0.0,-0.0871557426996453));
#864=DIRECTION('',(-0.0871557426996453,0.0,0.996194698095946));
#865=SURFACE_STYLE_FILL_AREA(#1200);
#866=ORIENTED_EDGE('',*,*,#1148,.T.);
#867=ORIENTED_EDGE('',*,*,#1201,.F.);
#868=ORIENTED_EDGE('',*,*,#1202,.F.);
#869=ORIENTED_EDGE('',*,*,#1149,.T.);
#870=ORIENTED_EDGE('',*,*,#1203,.T.);
#871=CARTESIAN_POINT('',(5.04835577614857,0.0,0.116788695217525));
#872=DIRECTION('',(-0.996194698095946,-0.0,-0.0871557426996453));
#873=DIRECTION('',(-0.0871557426996453,0.0,0.996194698095946));
#874=SURFACE_STYLE_FILL_AREA(#1204);
#875=ORIENTED_EDGE('',*,*,#1144,.T.);
#876=ORIENTED_EDGE('',*,*,#1205,.F.);
#877=ORIENTED_EDGE('',*,*,#1206,.F.);
#878=ORIENTED_EDGE('',*,*,#1145,.T.);
#879=ORIENTED_EDGE('',*,*,#1207,.T.);
#880=CARTESIAN_POINT('',(3.33490089544857,0.0,0.116788695217525));
#881=DIRECTION('',(-0.996194698095946,-0.0,-0.0871557426996453));
#882=DIRECTION('',(-0.0871557426996453,0.0,0.996194698095946));
#883=SURFACE_STYLE_FILL_AREA(#1208);
#884=ORIENTED_EDGE('',*,*,#1141,.T.);
#885=ORIENTED_EDGE('',*,*,#1209,.F.);
#886=ORIENTED_EDGE('',*,*,#1142,.T.);
#887=ORIENTED_EDGE('',*,*,#1210,.F.);
#888=CARTESIAN_POINT('',(7.51891862747646,0.0,0.0331191822258652));
#889=DIRECTION('',(0.996194698095946,0.0,0.0871557426996453));
#890=DIRECTION('',(-0.0871557426996453,0.0,0.996194698095946));
#891=SURFACE_STYLE_FILL_AREA(#1211);
#892=ORIENTED_EDGE('',*,*,#1138,.T.);
#893=ORIENTED_EDGE('',*,*,#1212,.F.);
#894=ORIENTED_EDGE('',*,*,#1139,.T.);
#895=ORIENTED_EDGE('',*,*,#1213,.F.);
#896=CARTESIAN_POINT('',(5.80546374667646,0.0,0.0331191822258652));
#897=DIRECTION('',(0.996194698095946,0.0,0.0871557426996453));
#898=DIRECTION('',(-0.0871557426996453,0.0,0.996194698095946));
#899=SURFACE_STYLE_FILL_AREA(#1214);
#900=ORIENTED_EDGE('',*,*,#1135,.T.);
#901=ORIENTED_EDGE('',*,*,#1215,.F.);
#902=ORIENTED_EDGE('',*,*,#1136,.T.);
#903=ORIENTED_EDGE('',*,*,#1216,.F.);
#904=CARTESIAN_POINT('',(4.09200886597646,0.0,0.0331191822258652));
#905=DIRECTION('',(0.996194698095946,0.0,0.0871557426996453));
#906=DIRECTION('',(-0.0871557426996453,0.0,0.996194698095946));
#907=SURFACE_STYLE_FILL_AREA(#1217);
#908=ORIENTED_EDGE('',*,*,#1132,.T.);
#909=ORIENTED_EDGE('',*,*,#1218,.F.);
#910=ORIENTED_EDGE('',*,*,#1133,.T.);
#911=ORIENTED_EDGE('',*,*,#1219,.F.);
#912=CARTESIAN_POINT('',(2.37855398527646,0.0,0.0331191822258652));
#913=DIRECTION('',(0.996194698095946,0.0,0.0871557426996453));
#914=DIRECTION('',(-0.0871557426996453,0.0,0.996194698095946));
#915=SURFACE_STYLE_FILL_AREA(#1220);
#916=ORIENTED_EDGE('',*,*,#1127,.T.);
#917=ORIENTED_EDGE('',*,*,#1195,.F.);
#918=ORIENTED_EDGE('',*,*,#1129,.T.);
#919=ORIENTED_EDGE('',*,*,#1209,.T.);
#920=CARTESIAN_POINT('',(7.99709208256251,0.0,0.074953938721695));
#921=DIRECTION('',(0.996194698095946,0.0,0.0871557426996453));
#922=DIRECTION('',(-0.0871557426996453,0.0,0.996194698095946));
#923=SURFACE_STYLE_FILL_AREA(#1221);
#924=ORIENTED_EDGE('',*,*,#1222,.F.);
#925=ORIENTED_EDGE('',*,*,#1193,.T.);
#926=ORIENTED_EDGE('',*,*,#1158,.T.);
#927=ORIENTED_EDGE('',*,*,#1085,.F.);
#928=CARTESIAN_POINT('',(8.71383766136235,0.0,1.74990787743085));
#929=DIRECTION('',(0.996194698095946,0.0,0.0871557426996454));
#930=DIRECTION('',(-0.0871557426996454,0.0,0.996194698095946));
#931=SURFACE_STYLE_FILL_AREA(#1223);
#932=ORIENTED_EDGE('',*,*,#1122,.T.);
#933=ORIENTED_EDGE('',*,*,#1199,.F.);
#934=ORIENTED_EDGE('',*,*,#1124,.T.);
#935=ORIENTED_EDGE('',*,*,#1212,.T.);
#936=CARTESIAN_POINT('',(6.28363720176251,0.0,0.074953938721695));
#937=DIRECTION('',(0.996194698095946,0.0,0.0871557426996453));
#938=DIRECTION('',(-0.0871557426996453,0.0,0.996194698095946));
#939=SURFACE_STYLE_FILL_AREA(#1224);
#940=ORIENTED_EDGE('',*,*,#1225,.F.);
#941=ORIENTED_EDGE('',*,*,#1197,.T.);
#942=ORIENTED_EDGE('',*,*,#1154,.T.);
#943=ORIENTED_EDGE('',*,*,#1091,.F.);
#944=CARTESIAN_POINT('',(7.00038278056235,0.0,1.74990787743085));
#945=DIRECTION('',(0.996194698095946,0.0,0.0871557426996454));
#946=DIRECTION('',(-0.0871557426996454,0.0,0.996194698095946));
#947=SURFACE_STYLE_FILL_AREA(#1226);
#948=ORIENTED_EDGE('',*,*,#1117,.T.);
#949=ORIENTED_EDGE('',*,*,#1203,.F.);
#950=ORIENTED_EDGE('',*,*,#1119,.T.);
#951=ORIENTED_EDGE('',*,*,#1215,.T.);
#952=CARTESIAN_POINT('',(4.57018232106251,0.0,0.0749539387216949));
#953=DIRECTION('',(0.996194698095946,0.0,0.0871557426996453));
#954=DIRECTION('',(-0.0871557426996453,0.0,0.996194698095946));
#955=SURFACE_STYLE_FILL_AREA(#1227);
#956=ORIENTED_EDGE('',*,*,#1228,.F.);
#957=ORIENTED_EDGE('',*,*,#1201,.T.);
#958=ORIENTED_EDGE('',*,*,#1150,.T.);
#959=ORIENTED_EDGE('',*,*,#1097,.F.);
#960=CARTESIAN_POINT('',(5.28692789986235,0.0,1.74990787743085));
#961=DIRECTION('',(0.996194698095946,0.0,0.0871557426996453));
#962=DIRECTION('',(-0.0871557426996454,0.0,0.996194698095946));
#963=SURFACE_STYLE_FILL_AREA(#1229);
#964=ORIENTED_EDGE('',*,*,#1112,.T.);
#965=ORIENTED_EDGE('',*,*,#1207,.F.);
#966=ORIENTED_EDGE('',*,*,#1114,.T.);
#967=ORIENTED_EDGE('',*,*,#1218,.T.);
#968=CARTESIAN_POINT('',(2.85672744036251,0.0,0.074953938721695));
#969=DIRECTION('',(0.996194698095946,0.0,0.0871557426996453));
#970=DIRECTION('',(-0.0871557426996453,0.0,0.996194698095946));
#971=SURFACE_STYLE_FILL_AREA(#1230);
#972=ORIENTED_EDGE('',*,*,#1231,.F.);
#973=ORIENTED_EDGE('',*,*,#1205,.T.);
#974=ORIENTED_EDGE('',*,*,#1146,.T.);
#975=ORIENTED_EDGE('',*,*,#1103,.F.);
#976=CARTESIAN_POINT('',(3.57347301916235,0.0,1.74990787743085));
#977=DIRECTION('',(0.996194698095946,0.0,0.0871557426996454));
#978=DIRECTION('',(-0.0871557426996454,0.0,0.996194698095946));
#979=SURFACE_STYLE_FILL_AREA(#1232);
#980=ORIENTED_EDGE('',*,*,#1108,.T.);
#981=ORIENTED_EDGE('',*,*,#1219,.T.);
#982=ORIENTED_EDGE('',*,*,#1109,.T.);
#983=ORIENTED_EDGE('',*,*,#1233,.T.);
#984=CARTESIAN_POINT('',(5.5,0.0,0.0));
#985=DIRECTION('',(1.0,0.0,-0.0));
#986=DIRECTION('',(0.0,0.0,1.0));
#987=SURFACE_STYLE_FILL_AREA(#1234);
#988=ORIENTED_EDGE('',*,*,#1102,.T.);
#989=ORIENTED_EDGE('',*,*,#1216,.T.);
#990=ORIENTED_EDGE('',*,*,#1105,.T.);
#991=ORIENTED_EDGE('',*,*,#1206,.T.);
#992=ORIENTED_EDGE('',*,*,#1231,.T.);
#993=CARTESIAN_POINT('',(5.5,0.0,0.0));
#994=DIRECTION('',(1.0,0.0,-0.0));
#995=DIRECTION('',(0.0,0.0,1.0));
#996=SURFACE_STYLE_FILL_AREA(#1235);
#997=ORIENTED_EDGE('',*,*,#1096,.T.);
#998=ORIENTED_EDGE('',*,*,#1213,.T.);
#999=ORIENTED_EDGE('',*,*,#1099,.T.);
#1000=ORIENTED_EDGE('',*,*,#1202,.T.);
#1001=ORIENTED_EDGE('',*,*,#1228,.T.);
#1002=CARTESIAN_POINT('',(5.5,0.0,0.0));
#1003=DIRECTION('',(1.0,0.0,-0.0));
#1004=DIRECTION('',(0.0,0.0,1.0));
#1005=SURFACE_STYLE_FILL_AREA(#1236);
#1006=ORIENTED_EDGE('',*,*,#1090,.T.);
#1007=ORIENTED_EDGE('',*,*,#1210,.T.);
#1008=ORIENTED_EDGE('',*,*,#1093,.T.);
#1009=ORIENTED_EDGE('',*,*,#1198,.T.);
#1010=ORIENTED_EDGE('',*,*,#1225,.T.);
#1011=CARTESIAN_POINT('',(5.5,0.0,0.0));
#1012=DIRECTION('',(1.0,0.0,-0.0));
#1013=DIRECTION('',(0.0,0.0,1.0));
#1014=SURFACE_STYLE_FILL_AREA(#1237);
#1015=ORIENTED_EDGE('',*,*,#1084,.T.);
#1016=ORIENTED_EDGE('',*,*,#1238,.F.);
#1017=ORIENTED_EDGE('',*,*,#1087,.T.);
#1018=ORIENTED_EDGE('',*,*,#1194,.T.);
#1019=ORIENTED_EDGE('',*,*,#1222,.T.);
#1020=CARTESIAN_POINT('',(5.5,0.0,0.0));
#1021=DIRECTION('',(1.0,0.0,-0.0));
#1022=DIRECTION('',(0.0,0.0,1.0));
#1023=SURFACE_STYLE_FILL_AREA(#1239);
#1024=ORIENTED_EDGE('',*,*,#1080,.T.);
#1025=ORIENTED_EDGE('',*,*,#1240,.F.);
#1026=ORIENTED_EDGE('',*,*,#1082,.T.);
#1027=ORIENTED_EDGE('',*,*,#1241,.T.);
#1028=CARTESIAN_POINT('',(0.25,0.0,0.0));
#1029=DIRECTION('',(1.0,0.0,-0.0));
#1030=DIRECTION('',(0.0,0.0,1.0));
#1031=SURFACE_STYLE_FILL_AREA(#1242);
#1032=ORIENTED_EDGE('',*,*,#1075,.T.);
#1033=ORIENTED_EDGE('',*,*,#1233,.F.);
#1034=ORIENTED_EDGE('',*,*,#1077,.T.);
#1035=ORIENTED_EDGE('',*,*,#1240,.T.);
#1036=CARTESIAN_POINT('',(0.75,0.0,0.0));
#1037=DIRECTION('',(-1.0,-0.0,0.0));
#1038=DIRECTION('',(0.0,0.0,1.0));
#1039=SURFACE_STYLE_FILL_AREA(#1243);
#1040=ORIENTED_EDGE('',*,*,#1165,.T.);
#1041=ORIENTED_EDGE('',*,*,#1161,.T.);
#1042=ORIENTED_EDGE('',*,*,#1088,.T.);
#1043=ORIENTED_EDGE('',*,*,#1238,.T.);
#1044=CARTESIAN_POINT('',(10.0,0.0,2.67));
#1045=DIRECTION('',(1.0,0.0,-0.0));
#1046=DIRECTION('',(0.0,0.0,1.0));
#1047=SURFACE_STYLE_FILL_AREA(#1244);
#1048=ORIENTED_EDGE('',*,*,#1070,.T.);
#1049=ORIENTED_EDGE('',*,*,#1163,.T.);
#1050=ORIENTED_EDGE('',*,*,#1072,.T.);
#1051=ORIENTED_EDGE('',*,*,#1191,.F.);
#1052=CARTESIAN_POINT('',(5.0,0.0,0.0));
#1053=DIRECTION('',(1.0,0.0,-0.0));
#1054=DIRECTION('',(0.0,0.0,1.0));
#1055=SURFACE_STYLE_FILL_AREA(#1245);
#1056=ORIENTED_EDGE('',*,*,#1169,.T.);
#1057=ORIENTED_EDGE('',*,*,#1189,.T.);
#1058=ORIENTED_EDGE('',*,*,#1185,.T.);
#1059=ORIENTED_EDGE('',*,*,#1181,.T.);
#1060=ORIENTED_EDGE('',*,*,#1177,.T.);
#1061=ORIENTED_EDGE('',*,*,#1173,.T.);
#1062=ORIENTED_EDGE('',*,*,#1081,.F.);
#1063=ORIENTED_EDGE('',*,*,#1241,.F.);
#1064=CARTESIAN_POINT('',(0.0,0.0,3.0));
#1065=DIRECTION('',(-1.0,-0.0,-0.0));
#1066=DIRECTION('',(0.0,0.0,-1.0));
#1067=SURFACE_STYLE_FILL_AREA(#1246);
#1069=FILL_AREA_STYLE('',(#1247));
#1070=EDGE_CURVE('',#1248,#1249,#1250,.T.);
#1071=EDGE_CURVE('',#1251,#1248,#1252,.T.);
#1072=EDGE_CURVE('',#1253,#1251,#1254,.T.);
#1073=EDGE_CURVE('',#1253,#1249,#1255,.T.);
#1074=FILL_AREA_STYLE('',(#1256));
#1075=EDGE_CURVE('',#1257,#1258,#1259,.T.);
#1076=EDGE_CURVE('',#1257,#1260,#1261,.T.);
#1077=EDGE_CURVE('',#1262,#1260,#1263,.T.);
#1078=EDGE_CURVE('',#1258,#1262,#1264,.T.);
#1079=FILL_AREA_STYLE('',(#1265));
#1080=EDGE_CURVE('',#1266,#1257,#1267,.T.);
#1081=EDGE_CURVE('',#1266,#1268,#1269,.T.);
#1082=EDGE_CURVE('',#1260,#1268,#1270,.T.);
#1083=FILL_AREA_STYLE('',(#1271));
#1084=EDGE_CURVE('',#1272,#1273,#1274,.T.);
#1085=EDGE_CURVE('',#1272,#1275,#1276,.T.);
#1086=EDGE_CURVE('',#1275,#1277,#1278,.T.);
#1087=EDGE_CURVE('',#1279,#1277,#1280,.T.);
#1088=EDGE_CURVE('',#1273,#1279,#1281,.T.);
#1089=FILL_AREA_STYLE('',(#1282));
#1090=EDGE_CURVE('',#1283,#1284,#1285,.T.);
#1091=EDGE_CURVE('',#1283,#1286,#1287,.T.);
#1092=EDGE_CURVE('',#1286,#1288,#1289,.T.);
#1093=EDGE_CURVE('',#1290,#1288,#1291,.T.);
#1094=EDGE_CURVE('',#1290,#1284,#1292,.T.);
#1095=FILL_AREA_STYLE('',(#1293));
#1096=EDGE_CURVE('',#1294,#1295,#1296,.T.);
#1097=EDGE_CURVE('',#1294,#1297,#1298,.T.);
#1098=EDGE_CURVE('',#1297,#1299,#1300,.T.);
#1099=EDGE_CURVE('',#1301,#1299,#1302,.T.);
#1100=EDGE_CURVE('',#1301,#1295,#1303,.T.);
#1101=FILL_AREA_STYLE('',(#1304));
#1102=EDGE_CURVE('',#1305,#1306,#1307,.T.);
#1103=EDGE_CURVE('',#1305,#1308,#1309,.T.);
#1104=EDGE_CURVE('',#1308,#1310,#1311,.T.);
#1105=EDGE_CURVE('',#1312,#1310,#1313,.T.);
#1106=EDGE_CURVE('',#1312,#1306,#1314,.T.);
#1107=FILL_AREA_STYLE('',(#1315));
#1108=EDGE_CURVE('',#1258,#1316,#1317,.T.);
#1109=EDGE_CURVE('',#1318,#1262,#1319,.T.);
#1110=EDGE_CURVE('',#1318,#1316,#1320,.T.);
#1111=FILL_AREA_STYLE('',(#1321));
#1112=EDGE_CURVE('',#1322,#1323,#1324,.T.);
#1113=EDGE_CURVE('',#1322,#1325,#1326,.T.);
#1114=EDGE_CURVE('',#1327,#1325,#1328,.T.);
#1115=EDGE_CURVE('',#1323,#1327,#1329,.T.);
#1116=FILL_AREA_STYLE('',(#1330));
#1117=EDGE_CURVE('',#1331,#1332,#1333,.T.);
#1118=EDGE_CURVE('',#1331,#1334,#1335,.T.);
#1119=EDGE_CURVE('',#1336,#1334,#1337,.T.);
#1120=EDGE_CURVE('',#1332,#1336,#1338,.T.);
#1121=FILL_AREA_STYLE('',(#1339));
#1122=EDGE_CURVE('',#1340,#1341,#1342,.T.);
#1123=EDGE_CURVE('',#1340,#1343,#1344,.T.);
#1124=EDGE_CURVE('',#1345,#1343,#1346,.T.);
#1125=EDGE_CURVE('',#1341,#1345,#1347,.T.);
#1126=FILL_AREA_STYLE('',(#1348));
#1127=EDGE_CURVE('',#1349,#1350,#1351,.T.);
#1128=EDGE_CURVE('',#1349,#1352,#1353,.T.);
#1129=EDGE_CURVE('',#1354,#1352,#1355,.T.);
#1130=EDGE_CURVE('',#1350,#1354,#1356,.T.);
#1131=FILL_AREA_STYLE('',(#1357));
#1132=EDGE_CURVE('',#1316,#1322,#1358,.T.);
#1133=EDGE_CURVE('',#1325,#1318,#1359,.T.);
#1134=FILL_AREA_STYLE('',(#1360));
#1135=EDGE_CURVE('',#1306,#1331,#1361,.T.);
#1136=EDGE_CURVE('',#1334,#1312,#1362,.T.);
#1137=FILL_AREA_STYLE('',(#1363));
#1138=EDGE_CURVE('',#1295,#1340,#1364,.T.);
#1139=EDGE_CURVE('',#1343,#1301,#1365,.T.);
#1140=FILL_AREA_STYLE('',(#1366));
#1141=EDGE_CURVE('',#1284,#1349,#1367,.T.);
#1142=EDGE_CURVE('',#1352,#1290,#1368,.T.);
#1143=FILL_AREA_STYLE('',(#1369));
#1144=EDGE_CURVE('',#1323,#1370,#1371,.T.);
#1145=EDGE_CURVE('',#1310,#1327,#1372,.T.);
#1146=EDGE_CURVE('',#1370,#1308,#1373,.T.);
#1147=FILL_AREA_STYLE('',(#1374));
#1148=EDGE_CURVE('',#1332,#1375,#1376,.T.);
#1149=EDGE_CURVE('',#1299,#1336,#1377,.T.);
#1150=EDGE_CURVE('',#1375,#1297,#1378,.T.);
#1151=FILL_AREA_STYLE('',(#1379));
#1152=EDGE_CURVE('',#1341,#1380,#1381,.T.);
#1153=EDGE_CURVE('',#1288,#1345,#1382,.T.);
#1154=EDGE_CURVE('',#1380,#1286,#1383,.T.);
#1155=FILL_AREA_STYLE('',(#1384));
#1156=EDGE_CURVE('',#1350,#1385,#1386,.T.);
#1157=EDGE_CURVE('',#1277,#1354,#1387,.T.);
#1158=EDGE_CURVE('',#1385,#1275,#1388,.T.);
#1159=FILL_AREA_STYLE('',(#1389));
#1160=EDGE_CURVE('',#1390,#1249,#1391,.T.);
#1161=EDGE_CURVE('',#1392,#1390,#1393,.T.);
#1162=EDGE_CURVE('',#1253,#1392,#1394,.T.);
#1163=EDGE_CURVE('',#1249,#1253,#1395,.T.);
#1164=FILL_AREA_STYLE('',(#1396));
#1165=EDGE_CURVE('',#1390,#1392,#1397,.T.);
#1166=FILL_AREA_STYLE('',(#1398));
#1167=EDGE_CURVE('',#1399,#1400,#1401,.T.);
#1168=EDGE_CURVE('',#1402,#1399,#1403,.T.);
#1169=EDGE_CURVE('',#1404,#1402,#1405,.T.);
#1170=EDGE_CURVE('',#1404,#1400,#1406,.T.);
#1171=FILL_AREA_STYLE('',(#1407));
#1172=EDGE_CURVE('',#1400,#1408,#1409,.T.);
#1173=EDGE_CURVE('',#1410,#1404,#1411,.T.);
#1174=EDGE_CURVE('',#1410,#1408,#1412,.T.);
#1175=FILL_AREA_STYLE('',(#1413));
#1176=EDGE_CURVE('',#1408,#1414,#1415,.T.);
#1177=EDGE_CURVE('',#1416,#1410,#1417,.T.);
#1178=EDGE_CURVE('',#1416,#1414,#1418,.T.);
#1179=FILL_AREA_STYLE('',(#1419));
#1180=EDGE_CURVE('',#1414,#1420,#1421,.T.);
#1181=EDGE_CURVE('',#1422,#1416,#1423,.T.);
#1182=EDGE_CURVE('',#1422,#1420,#1424,.T.);
#1183=FILL_AREA_STYLE('',(#1425));
#1184=EDGE_CURVE('',#1420,#1426,#1427,.T.);
#1185=EDGE_CURVE('',#1428,#1422,#1429,.T.);
#1186=EDGE_CURVE('',#1428,#1426,#1430,.T.);
#1187=FILL_AREA_STYLE('',(#1431));
#1188=EDGE_CURVE('',#1426,#1399,#1432,.T.);
#1189=EDGE_CURVE('',#1402,#1428,#1433,.T.);
#1190=FILL_AREA_STYLE('',(#1434));
#1191=EDGE_CURVE('',#1248,#1251,#1435,.T.);
#1192=FILL_AREA_STYLE('',(#1436));
#1193=EDGE_CURVE('',#1437,#1385,#1438,.T.);
#1194=EDGE_CURVE('',#1277,#1437,#1439,.T.);
#1195=EDGE_CURVE('',#1354,#1350,#1440,.T.);
#1196=FILL_AREA_STYLE('',(#1441));
#1197=EDGE_CURVE('',#1442,#1380,#1443,.T.);
#1198=EDGE_CURVE('',#1288,#1442,#1444,.T.);
#1199=EDGE_CURVE('',#1345,#1341,#1445,.T.);
#1200=FILL_AREA_STYLE('',(#1446));
#1201=EDGE_CURVE('',#1447,#1375,#1448,.T.);
#1202=EDGE_CURVE('',#1299,#1447,#1449,.T.);
#1203=EDGE_CURVE('',#1336,#1332,#1450,.T.);
#1204=FILL_AREA_STYLE('',(#1451));
#1205=EDGE_CURVE('',#1452,#1370,#1453,.T.);
#1206=EDGE_CURVE('',#1310,#1452,#1454,.T.);
#1207=EDGE_CURVE('',#1327,#1323,#1455,.T.);
#1208=FILL_AREA_STYLE('',(#1456));
#1209=EDGE_CURVE('',#1352,#1349,#1457,.T.);
#1210=EDGE_CURVE('',#1284,#1290,#1458,.T.);
#1211=FILL_AREA_STYLE('',(#1459));
#1212=EDGE_CURVE('',#1343,#1340,#1460,.T.);
#1213=EDGE_CURVE('',#1295,#1301,#1461,.T.);
#1214=FILL_AREA_STYLE('',(#1462));
#1215=EDGE_CURVE('',#1334,#1331,#1463,.T.);
#1216=EDGE_CURVE('',#1306,#1312,#1464,.T.);
#1217=FILL_AREA_STYLE('',(#1465));
#1218=EDGE_CURVE('',#1325,#1322,#1466,.T.);
#1219=EDGE_CURVE('',#1316,#1318,#1467,.T.);
#1220=FILL_AREA_STYLE('',(#1468));
#1221=FILL_AREA_STYLE('',(#1469));
#1222=EDGE_CURVE('',#1437,#1272,#1470,.T.);
#1223=FILL_AREA_STYLE('',(#1471));
#1224=FILL_AREA_STYLE('',(#1472));
#1225=EDGE_CURVE('',#1442,#1283,#1473,.T.);
#1226=FILL_AREA_STYLE('',(#1474));
#1227=FILL_AREA_STYLE('',(#1475));
#1228=EDGE_CURVE('',#1447,#1294,#1476,.T.);
#1229=FILL_AREA_STYLE('',(#1477));
#1230=FILL_AREA_STYLE('',(#1478));
#1231=EDGE_CURVE('',#1452,#1305,#1479,.T.);
#1232=FILL_AREA_STYLE('',(#1480));
#1233=EDGE_CURVE('',#1262,#1258,#1481,.T.);
#1234=FILL_AREA_STYLE('',(#1482));
#1235=FILL_AREA_STYLE('',(#1483));
#1236=FILL_AREA_STYLE('',(#1484));
#1237=FILL_AREA_STYLE('',(#1485));
#1238=EDGE_CURVE('',#1279,#1273,#1486,.T.);
#1239=FILL_AREA_STYLE('',(#1487));
#1240=EDGE_CURVE('',#1260,#1257,#1488,.T.);
#1241=EDGE_CURVE('',#1268,#1266,#1489,.T.);
#1242=FILL_AREA_STYLE('',(#1490));
#1243=FILL_AREA_STYLE('',(#1491));
#1244=FILL_AREA_STYLE('',(#1492));
#1245=FILL_AREA_STYLE('',(#1493));
#1246=FILL_AREA_STYLE('',(#1494));
#1247=FILL_AREA_STYLE_COLOUR('',#1495);
#1248=VERTEX_POINT('',#1496);
#1249=VERTEX_POINT('',#1497);
#1250=LINE('',#1498,#1499);
#1251=VERTEX_POINT('',#1500);
#1252=CIRCLE('',#1501,2.0);
#1253=VERTEX_POINT('',#1502);
#1254=LINE('',#1503,#1504);
#1255=CIRCLE('',#1505,2.0);
#1256=FILL_AREA_STYLE_COLOUR('',#1506);
#1257=VERTEX_POINT('',#1507);
#1258=VERTEX_POINT('',#1508);
#1259=LINE('',#1509,#1510);
#1260=VERTEX_POINT('',#1511);
#1261=CIRCLE('',#1512,4.0);
#1262=VERTEX_POINT('',#1513);
#1263=LINE('',#1514,#1515);
#1264=CIRCLE('',#1516,3.34);
#1265=FILL_AREA_STYLE_COLOUR('',#1517);
#1266=VERTEX_POINT('',#1518);
#1267=LINE('',#1519,#1520);
#1268=VERTEX_POINT('',#1521);
#1269=CIRCLE('',#1522,4.0);
#1270=LINE('',#1523,#1524);
#1271=FILL_AREA_STYLE_COLOUR('',#1525);
#1272=VERTEX_POINT('',#1526);
#1273=VERTEX_POINT('',#1527);
#1274=LINE('',#1528,#1529);
#1275=VERTEX_POINT('',#1530);
#1276=ELLIPSE('',#1531,3.35275825738064,3.34);
#1277=VERTEX_POINT('',#1532);
#1278=B_SPLINE_CURVE_WITH_KNOTS('',3,(#1533,#1534,#1535,#1536,#1537,#1538,#1539,#1540,#1541,#1542,#1543,#1544,#1545,#1546,#1547,#1548,#1549,#1550,#1551,#1552,#1553,#1554,#1555,#1556,#1557,#1558,#1559,#1560,#1561,#1562),.UNSPECIFIED.,.F.,.F.,(4,2,2,2,2,2,2,2,2,2,2,2,2,2,4),(1.25028080938741,1.81330061977064,2.41773415969418,3.03712340350207,3.65651264730997,4.27590189111786,4.89529113492575,5.53526627716854,6.17524141941132,6.81521656165411,7.45519170389689,8.10924654112217,8.76330137834745,9.41735621557273,10.071411052798),.UNSPECIFIED.);
#1279=VERTEX_POINT('',#1563);
#1280=LINE('',#1564,#1565);
#1281=CIRCLE('',#1566,3.34);
#1282=FILL_AREA_STYLE_COLOUR('',#1567);
#1283=VERTEX_POINT('',#1568);
#1284=VERTEX_POINT('',#1569);
#1285=LINE('',#1570,#1571);
#1286=VERTEX_POINT('',#1572);
#1287=ELLIPSE('',#1573,3.35275825738064,3.34);
#1288=VERTEX_POINT('',#1574);
#1289=B_SPLINE_CURVE_WITH_KNOTS('',3,(#1575,#1576,#1577,#1578,#1579,#1580,#1581,#1582,#1583,#1584,#1585,#1586,#1587,#1588,#1589,#1590,#1591,#1592,#1593,#1594,#1595,#1596,#1597,#1598,#1599,#1600,#1601,#1602,#1603,#1604),.UNSPECIFIED.,.F.,.F.,(4,2,2,2,2,2,2,2,2,2,2,2,2,2,4),(1.25028080938745,1.81330061977064,2.41773415969418,3.03712340350207,3.65651264730997,4.27590189111786,4.89529113492575,5.53526627716854,6.17524141941132,6.81521656165411,7.45519170389689,8.10924654112217,8.76330137834745,9.41735621557273,10.071411052798),.UNSPECIFIED.);
#1290=VERTEX_POINT('',#1605);
#1291=LINE('',#1606,#1607);
#1292=B_SPLINE_CURVE_WITH_KNOTS('',3,(#1608,#1609,#1610,#1611,#1612,#1613,#1614,#1615,#1616,#1617,#1618,#1619,#1620,#1621,#1622,#1623,#1624,#1625,#1626,#1627,#1628,#1629,#1630,#1631,#1632,#1633,#1634,#1635,#1636,#1637,#1638,#1639,#1640,#1641),.UNSPECIFIED.,.F.,.F.,(4,2,2,2,2,2,2,2,2,2,2,2,2,2,2,2,4),(10.0858102959893,10.7184625316705,11.3511147673517,11.9837670030329,12.6164192387141,13.247338746974,13.8782582552339,14.5091777634938,15.1400972717537,15.769317463937,16.3985376561202,17.0277578483035,17.6569780404867,18.2856386783597,18.9142993162326,19.5429599541056,20.1716205919786),.UNSPECIFIED.);
#1293=FILL_AREA_STYLE_COLOUR('',#1642);
#1294=VERTEX_POINT('',#1643);
#1295=VERTEX_POINT('',#1644);
#1296=LINE('',#1645,#1646);
#1297=VERTEX_POINT('',#1647);
#1298=ELLIPSE('',#1648,3.35275825738064,3.34);
#1299=VERTEX_POINT('',#1649);
#1300=B_SPLINE_CURVE_WITH_KNOTS('',3,(#1650,#1651,#1652,#1653,#1654,#1655,#1656,#1657,#1658,#1659,#1660,#1661,#1662,#1663,#1664,#1665,#1666,#1667,#1668,#1669,#1670,#1671,#1672,#1673,#1674,#1675,#1676,#1677,#1678,#1679),.UNSPECIFIED.,.F.,.F.,(4,2,2,2,2,2,2,2,2,2,2,2,2,2,4),(1.25028080938743,1.81330061977064,2.41773415969418,3.03712340350207,3.65651264730997,4.27590189111786,4.89529113492575,5.53526627716854,6.17524141941132,6.81521656165411,7.45519170389689,8.10924654112217,8.76330137834745,9.41735621557273,10.071411052798),.UNSPECIFIED.);
#1301=VERTEX_POINT('',#1680);
#1302=LINE('',#1681,#1682);
#1303=B_SPLINE_CURVE_WITH_KNOTS('',3,(#1683,#1684,#1685,#1686,#1687,#1688,#1689,#1690,#1691,#1692,#1693,#1694,#1695,#1696,#1697,#1698,#1699,#1700,#1701,#1702,#1703,#1704,#1705,#1706,#1707,#1708,#1709,#1710,#1711,#1712,#1713,#1714,#1715,#1716),.UNSPECIFIED.,.F.,.F.,(4,2,2,2,2,2,2,2,2,2,2,2,2,2,2,2,4),(10.0858102959893,10.7184625316705,11.3511147673517,11.9837670030329,12.6164192387141,13.247338746974,13.8782582552339,14.5091777634938,15.1400972717537,15.769317463937,16.3985376561202,17.0277578483035,17.6569780404867,18.2856386783597,18.9142993162326,19.5429599541056,20.1716205919786),.UNSPECIFIED.);
#1304=FILL_AREA_STYLE_COLOUR('',#1717);
#1305=VERTEX_POINT('',#1718);
#1306=VERTEX_POINT('',#1719);
#1307=LINE('',#1720,#1721);
#1308=VERTEX_POINT('',#1722);
#1309=ELLIPSE('',#1723,3.35275825738064,3.34);
#1310=VERTEX_POINT('',#1724);
#1311=B_SPLINE_CURVE_WITH_KNOTS('',3,(#1725,#1726,#1727,#1728,#1729,#1730,#1731,#1732,#1733,#1734,#1735,#1736,#1737,#1738,#1739,#1740,#1741,#1742,#1743,#1744,#1745,#1746,#1747,#1748,#1749,#1750,#1751,#1752,#1753,#1754),.UNSPECIFIED.,.F.,.F.,(4,2,2,2,2,2,2,2,2,2,2,2,2,2,4),(1.25028080938743,1.81330061977064,2.41773415969418,3.03712340350207,3.65651264730997,4.27590189111786,4.89529113492575,5.53526627716854,6.17524141941132,6.81521656165411,7.45519170389689,8.10924654112217,8.76330137834745,9.41735621557273,10.071411052798),.UNSPECIFIED.);
#1312=VERTEX_POINT('',#1755);
#1313=LINE('',#1756,#1757);
#1314=B_SPLINE_CURVE_WITH_KNOTS('',3,(#1758,#1759,#1760,#1761,#1762,#1763,#1764,#1765,#1766,#1767,#1768,#1769,#1770,#1771,#1772,#1773,#1774,#1775,#1776,#1777,#1778,#1779,#1780,#1781,#1782,#1783,#1784,#1785,#1786,#1787,#1788,#1789,#1790,#1791),.UNSPECIFIED.,.F.,.F.,(4,2,2,2,2,2,2,2,2,2,2,2,2,2,2,2,4),(10.0858102959893,10.7184625316705,11.3511147673517,11.9837670030329,12.6164192387141,13.247338746974,13.8782582552339,14.5091777634938,15.1400972717537,15.769317463937,16.3985376561202,17.0277578483035,17.6569780404867,18.2856386783597,18.9142993162326,19.5429599541056,20.1716205919786),.UNSPECIFIED.);
#1315=FILL_AREA_STYLE_COLOUR('',#1792);
#1316=VERTEX_POINT('',#1793);
#1317=LINE('',#1794,#1795);
#1318=VERTEX_POINT('',#1796);
#1319=LINE('',#1797,#1798);
#1320=B_SPLINE_CURVE_WITH_KNOTS('',3,(#1799,#1800,#1801,#1802,#1803,#1804,#1805,#1806,#1807,#1808,#1809,#1810,#1811,#1812,#1813,#1814,#1815,#1816,#1817,#1818,#1819,#1820,#1821,#1822,#1823,#1824,#1825,#1826,#1827,#1828,#1829,#1830,#1831,#1832),.UNSPECIFIED.,.F.,.F.,(4,2,2,2,2,2,2,2,2,2,2,2,2,2,2,2,4),(10.0858102959893,10.7184625316705,11.3511147673517,11.9837670030329,12.6164192387141,13.247338746974,13.8782582552339,14.5091777634938,15.1400972717537,15.769317463937,16.3985376561202,17.0277578483035,17.6569780404867,18.2856386783597,18.9142993162326,19.5429599541056,20.1716205919786),.UNSPECIFIED.);
#1321=FILL_AREA_STYLE_COLOUR('',#1833);
#1322=VERTEX_POINT('',#1834);
#1323=VERTEX_POINT('',#1835);
#1324=LINE('',#1836,#1837);
#1325=VERTEX_POINT('',#1838);
#1326=CIRCLE('',#1839,4.0152793502);
#1327=VERTEX_POINT('',#1840);
#1328=LINE('',#1841,#1842);
#1329=CIRCLE('',#1843,4.0152793502);
#1330=FILL_AREA_STYLE_COLOUR('',#1844);
#1331=VERTEX_POINT('',#1845);
#1332=VERTEX_POINT('',#1846);
#1333=LINE('',#1847,#1848);
#1334=VERTEX_POINT('',#1849);
#1335=CIRCLE('',#1850,4.0152793502);
#1336=VERTEX_POINT('',#1851);
#1337=LINE('',#1852,#1853);
#1338=CIRCLE('',#1854,4.0152793502);
#1339=FILL_AREA_STYLE_COLOUR('',#1855);
#1340=VERTEX_POINT('',#1856);
#1341=VERTEX_POINT('',#1857);
#1342=LINE('',#1858,#1859);
#1343=VERTEX_POINT('',#1860);
#1344=CIRCLE('',#1861,4.0152793502);
#1345=VERTEX_POINT('',#1862);
#1346=LINE('',#1863,#1864);
#1347=CIRCLE('',#1865,4.0152793502);
#1348=FILL_AREA_STYLE_COLOUR('',#1866);
#1349=VERTEX_POINT('',#1867);
#1350=VERTEX_POINT('',#1868);
#1351=LINE('',#1869,#1870);
#1352=VERTEX_POINT('',#1871);
#1353=CIRCLE('',#1872,4.0152793502);
#1354=VERTEX_POINT('',#1873);
#1355=LINE('',#1874,#1875);
#1356=CIRCLE('',#1876,4.0152793502);
#1357=FILL_AREA_STYLE_COLOUR('',#1877);
#1358=LINE('',#1878,#1879);
#1359=LINE('',#1880,#1881);
#1360=FILL_AREA_STYLE_COLOUR('',#1882);
#1361=LINE('',#1883,#1884);
#1362=LINE('',#1885,#1886);
#1363=FILL_AREA_STYLE_COLOUR('',#1887);
#1364=LINE('',#1888,#1889);
#1365=LINE('',#1890,#1891);
#1366=FILL_AREA_STYLE_COLOUR('',#1892);
#1367=LINE('',#1893,#1894);
#1368=LINE('',#1895,#1896);
#1369=FILL_AREA_STYLE_COLOUR('',#1897);
#1370=VERTEX_POINT('',#1898);
#1371=LINE('',#1899,#1900);
#1372=LINE('',#1901,#1902);
#1373=CIRCLE('',#1903,3.2122234801);
#1374=FILL_AREA_STYLE_COLOUR('',#1904);
#1375=VERTEX_POINT('',#1905);
#1376=LINE('',#1906,#1907);
#1377=LINE('',#1908,#1909);
#1378=CIRCLE('',#1910,3.2122234801);
#1379=FILL_AREA_STYLE_COLOUR('',#1911);
#1380=VERTEX_POINT('',#1912);
#1381=LINE('',#1913,#1914);
#1382=LINE('',#1915,#1916);
#1383=CIRCLE('',#1917,3.2122234801);
#1384=FILL_AREA_STYLE_COLOUR('',#1918);
#1385=VERTEX_POINT('',#1919);
#1386=LINE('',#1920,#1921);
#1387=LINE('',#1922,#1923);
#1388=CIRCLE('',#1924,3.2122234801);
#1389=FILL_AREA_STYLE_COLOUR('',#1925);
#1390=VERTEX_POINT('',#1926);
#1391=LINE('',#1927,#1928);
#1392=VERTEX_POINT('',#1929);
#1393=CIRCLE('',#1930,2.5);
#1394=LINE('',#1931,#1932);
#1395=CIRCLE('',#1933,2.0);
#1396=FILL_AREA_STYLE_COLOUR('',#1934);
#1397=CIRCLE('',#1935,2.5);
#1398=FILL_AREA_STYLE_COLOUR('',#1936);
#1399=VERTEX_POINT('',#1937);
#1400=VERTEX_POINT('',#1938);
#1401=LINE('',#1939,#1940);
#1402=VERTEX_POINT('',#1941);
#1403=LINE('',#1942,#1943);
#1404=VERTEX_POINT('',#1944);
#1405=LINE('',#1945,#1946);
#1406=LINE('',#1947,#1948);
#1407=FILL_AREA_STYLE_COLOUR('',#1949);
#1408=VERTEX_POINT('',#1950);
#1409=LINE('',#1951,#1952);
#1410=VERTEX_POINT('',#1953);
#1411=LINE('',#1954,#1955);
#1412=LINE('',#1956,#1957);
#1413=FILL_AREA_STYLE_COLOUR('',#1958);
#1414=VERTEX_POINT('',#1959);
#1415=LINE('',#1960,#1961);
#1416=VERTEX_POINT('',#1962);
#1417=LINE('',#1963,#1964);
#1418=LINE('',#1965,#1966);
#1419=FILL_AREA_STYLE_COLOUR('',#1967);
#1420=VERTEX_POINT('',#1968);
#1421=LINE('',#1969,#1970);
#1422=VERTEX_POINT('',#1971);
#1423=LINE('',#1972,#1973);
#1424=LINE('',#1974,#1975);
#1425=FILL_AREA_STYLE_COLOUR('',#1976);
#1426=VERTEX_POINT('',#1977);
#1427=LINE('',#1978,#1979);
#1428=VERTEX_POINT('',#1980);
#1429=LINE('',#1981,#1982);
#1430=LINE('',#1983,#1984);
#1431=FILL_AREA_STYLE_COLOUR('',#1985);
#1432=LINE('',#1986,#1987);
#1433=LINE('',#1988,#1989);
#1434=FILL_AREA_STYLE_COLOUR('',#1990);
#1435=CIRCLE('',#1991,2.0);
#1436=FILL_AREA_STYLE_COLOUR('',#1992);
#1437=VERTEX_POINT('',#1993);
#1438=CIRCLE('',#1994,3.2122234801);
#1439=B_SPLINE_CURVE_WITH_KNOTS('',3,(#1995,#1996,#1997,#1998,#1999,#2000,#2001,#2002,#2003,#2004,#2005,#2006,#2007,#2008,#2009,#2010,#2011,#2012,#2013,#2014,#2015,#2016,#2017,#2018,#2019,#2020,#2021,#2022,#2023,#2024),.UNSPECIFIED.,.F.,.F.,(4,2,2,2,2,2,2,2,2,2,2,2,2,2,4),(10.071411052798,10.7254658900233,11.3795207272486,12.0335755644738,12.6876304016991,13.3276055439419,13.9675806861847,14.6075558284275,15.2475309706703,15.8669202144782,16.4863094582861,17.1056987020939,17.7250879459018,18.3295214858254,18.8925412962086),.UNSPECIFIED.);
#1440=CIRCLE('',#2025,4.0152793502);
#1441=FILL_AREA_STYLE_COLOUR('',#2026);
#1442=VERTEX_POINT('',#2027);
#1443=CIRCLE('',#2028,3.2122234801);
#1444=B_SPLINE_CURVE_WITH_KNOTS('',3,(#2029,#2030,#2031,#2032,#2033,#2034,#2035,#2036,#2037,#2038,#2039,#2040,#2041,#2042,#2043,#2044,#2045,#2046,#2047,#2048,#2049,#2050,#2051,#2052,#2053,#2054,#2055,#2056,#2057,#2058),.UNSPECIFIED.,.F.,.F.,(4,2,2,2,2,2,2,2,2,2,2,2,2,2,4),(10.071411052798,10.7254658900233,11.3795207272486,12.0335755644738,12.6876304016991,13.3276055439419,13.9675806861847,14.6075558284275,15.2475309706703,15.8669202144782,16.4863094582861,17.1056987020939,17.7250879459018,18.3295214858254,18.8925412962085),.UNSPECIFIED.);
#1445=CIRCLE('',#2059,4.0152793502);
#1446=FILL_AREA_STYLE_COLOUR('',#2060);
#1447=VERTEX_POINT('',#2061);
#1448=CIRCLE('',#2062,3.2122234801);
#1449=B_SPLINE_CURVE_WITH_KNOTS('',3,(#2063,#2064,#2065,#2066,#2067,#2068,#2069,#2070,#2071,#2072,#2073,#2074,#2075,#2076,#2077,#2078,#2079,#2080,#2081,#2082,#2083,#2084,#2085,#2086,#2087,#2088,#2089,#2090,#2091,#2092),.UNSPECIFIED.,.F.,.F.,(4,2,2,2,2,2,2,2,2,2,2,2,2,2,4),(10.071411052798,10.7254658900233,11.3795207272486,12.0335755644738,12.6876304016991,13.3276055439419,13.9675806861847,14.6075558284275,15.2475309706703,15.8669202144782,16.486309458286,17.1056987020939,17.7250879459018,18.3295214858254,18.8925412962086),.UNSPECIFIED.);
#1450=CIRCLE('',#2093,4.0152793502);
#1451=FILL_AREA_STYLE_COLOUR('',#2094);
#1452=VERTEX_POINT('',#2095);
#1453=CIRCLE('',#2096,3.2122234801);
#1454=B_SPLINE_CURVE_WITH_KNOTS('',3,(#2097,#2098,#2099,#2100,#2101,#2102,#2103,#2104,#2105,#2106,#2107,#2108,#2109,#2110,#2111,#2112,#2113,#2114,#2115,#2116,#2117,#2118,#2119,#2120,#2121,#2122,#2123,#2124,#2125,#2126),.UNSPECIFIED.,.F.,.F.,(4,2,2,2,2,2,2,2,2,2,2,2,2,2,4),(10.071411052798,10.7254658900233,11.3795207272486,12.0335755644738,12.6876304016991,13.3276055439419,13.9675806861847,14.6075558284275,15.2475309706703,15.8669202144782,16.4863094582861,17.1056987020939,17.7250879459018,18.3295214858254,18.8925412962086),.UNSPECIFIED.);
#1455=CIRCLE('',#2127,4.0152793502);
#1456=FILL_AREA_STYLE_COLOUR('',#2128);
#1457=CIRCLE('',#2129,4.0152793502);
#1458=B_SPLINE_CURVE_WITH_KNOTS('',3,(#2130,#2131,#2132,#2133,#2134,#2135,#2136,#2137,#2138,#2139,#2140,#2141,#2142,#2143,#2144,#2145,#2146,#2147,#2148,#2149,#2150,#2151,#2152,#2153,#2154,#2155,#2156,#2157,#2158,#2159,#2160,#2161,#2162,#2163),.UNSPECIFIED.,.F.,.F.,(4,2,2,2,2,2,2,2,2,2,2,2,2,2,2,2,4),(0.0,0.628660637872963,1.25732127574593,1.88598191361889,2.51464255149185,3.1438627436751,3.77308293585834,4.40230312804159,5.03152332022483,5.66244282848475,6.29336233674467,6.92428184500458,7.5552013532645,8.18785358894569,8.82050582462689,9.45315806030808,10.0858102959893),.UNSPECIFIED.);
#1459=FILL_AREA_STYLE_COLOUR('',#2164);
#1460=CIRCLE('',#2165,4.0152793502);
#1461=B_SPLINE_CURVE_WITH_KNOTS('',3,(#2166,#2167,#2168,#2169,#2170,#2171,#2172,#2173,#2174,#2175,#2176,#2177,#2178,#2179,#2180,#2181,#2182,#2183,#2184,#2185,#2186,#2187,#2188,#2189,#2190,#2191,#2192,#2193,#2194,#2195,#2196,#2197,#2198,#2199),.UNSPECIFIED.,.F.,.F.,(4,2,2,2,2,2,2,2,2,2,2,2,2,2,2,2,4),(0.0,0.628660637872963,1.25732127574593,1.88598191361889,2.51464255149185,3.1438627436751,3.77308293585834,4.40230312804159,5.03152332022483,5.66244282848475,6.29336233674467,6.92428184500458,7.5552013532645,8.18785358894569,8.82050582462689,9.45315806030808,10.0858102959893),.UNSPECIFIED.);
#1462=FILL_AREA_STYLE_COLOUR('',#2200);
#1463=CIRCLE('',#2201,4.0152793502);
#1464=B_SPLINE_CURVE_WITH_KNOTS('',3,(#2202,#2203,#2204,#2205,#2206,#2207,#2208,#2209,#2210,#2211,#2212,#2213,#2214,#2215,#2216,#2217,#2218,#2219,#2220,#2221,#2222,#2223,#2224,#2225,#2226,#2227,#2228,#2229,#2230,#2231,#2232,#2233,#2234,#2235),.UNSPECIFIED.,.F.,.F.,(4,2,2,2,2,2,2,2,2,2,2,2,2,2,2,2,4),(0.0,0.628660637872963,1.25732127574593,1.88598191361889,2.51464255149185,3.1438627436751,3.77308293585834,4.40230312804159,5.03152332022483,5.66244282848475,6.29336233674467,6.92428184500458,7.5552013532645,8.18785358894569,8.82050582462689,9.45315806030808,10.0858102959893),.UNSPECIFIED.);
#1465=FILL_AREA_STYLE_COLOUR('',#2236);
#1466=CIRCLE('',#2237,4.0152793502);
#1467=B_SPLINE_CURVE_WITH_KNOTS('',3,(#2238,#2239,#2240,#2241,#2242,#2243,#2244,#2245,#2246,#2247,#2248,#2249,#2250,#2251,#2252,#2253,#2254,#2255,#2256,#2257,#2258,#2259,#2260,#2261,#2262,#2263,#2264,#2265,#2266,#2267,#2268,#2269,#2270,#2271),.UNSPECIFIED.,.F.,.F.,(4,2,2,2,2,2,2,2,2,2,2,2,2,2,2,2,4),(0.0,0.628660637872963,1.25732127574593,1.88598191361889,2.51464255149185,3.1438627436751,3.77308293585834,4.40230312804159,5.03152332022483,5.66244282848475,6.29336233674467,6.92428184500458,7.5552013532645,8.18785358894569,8.82050582462689,9.45315806030808,10.0858102959893),.UNSPECIFIED.);
#1468=FILL_AREA_STYLE_COLOUR('',#2272);
#1469=FILL_AREA_STYLE_COLOUR('',#2273);
#1470=ELLIPSE('',#2274,3.35275825738064,3.34);
#1471=FILL_AREA_STYLE_COLOUR('',#2275);
#1472=FILL_AREA_STYLE_COLOUR('',#2276);
#1473=ELLIPSE('',#2277,3.35275825738064,3.34);
#1474=FILL_AREA_STYLE_COLOUR('',#2278);
#1475=FILL_AREA_STYLE_COLOUR('',#2279);
#1476=ELLIPSE('',#2280,3.35275825738064,3.34);
#1477=FILL_AREA_STYLE_COLOUR('',#2281);
#1478=FILL_AREA_STYLE_COLOUR('',#2282);
#1479=ELLIPSE('',#2283,3.35275825738064,3.34);
#1480=FILL_AREA_STYLE_COLOUR('',#2284);
#1481=CIRCLE('',#2285,3.34);
#1482=FILL_AREA_STYLE_COLOUR('',#2286);
#1483=FILL_AREA_STYLE_COLOUR('',#2287);
#1484=FILL_AREA_STYLE_COLOUR('',#2288);
#1485=FILL_AREA_STYLE_COLOUR('',#2289);
#1486=CIRCLE('',#2290,3.34);
#1487=FILL_AREA_STYLE_COLOUR('',#2291);
#1488=CIRCLE('',#2292,4.0);
#1489=CIRCLE('',#2293,4.0);
#1490=FILL_AREA_STYLE_COLOUR('',#2294);
#1491=FILL_AREA_STYLE_COLOUR('',#2295);
#1492=FILL_AREA_STYLE_COLOUR('',#2296);
#1493=FILL_AREA_STYLE_COLOUR('',#2297);
#1494=FILL_AREA_STYLE_COLOUR('',#2298);
#1495=COLOUR_RGB('',0.250980406999588,0.270588248968124,0.270588248968124);
#1496=CARTESIAN_POINT('',(2.5,0.0,2.0));
#1497=CARTESIAN_POINT('',(9.5,0.0,2.0));
#1498=CARTESIAN_POINT('',(5.0,2.44929359829471E-16,2.0));
#1499=VECTOR('',#2299,1.0);
#1500=CARTESIAN_POINT('',(2.5,-2.44929359829471E-16,-2.0));
#1501=AXIS2_PLACEMENT_3D('',#2300,#2301,#2302);
#1502=CARTESIAN_POINT('',(9.5,-2.44929359829471E-16,-2.0));
#1503=CARTESIAN_POINT('',(5.0,-2.44929359829471E-16,-2.0));
#1504=VECTOR('',#2303,1.0);
#1505=AXIS2_PLACEMENT_3D('',#2304,#2305,#2306);
#1506=COLOUR_RGB('',0.250980406999588,0.270588248968124,0.270588248968124);
#1507=CARTESIAN_POINT('',(0.5,0.0,4.0));
#1508=CARTESIAN_POINT('',(1.0,0.0,3.34));
#1509=CARTESIAN_POINT('',(0.75,4.49445375287078E-16,3.67));
#1510=VECTOR('',#2307,1.0);
#1511=CARTESIAN_POINT('',(0.5,-4.89858719658941E-16,-4.0));
#1512=AXIS2_PLACEMENT_3D('',#2308,#2309,#2310);
#1513=CARTESIAN_POINT('',(1.0,-4.09032030915216E-16,-3.34));
#1514=CARTESIAN_POINT('',(0.75,-4.49445375287078E-16,-3.67));
#1515=VECTOR('',#2311,1.0);
#1516=AXIS2_PLACEMENT_3D('',#2312,#2313,#2314);
#1517=COLOUR_RGB('',0.250980406999588,0.270588248968124,0.270588248968124);
#1518=CARTESIAN_POINT('',(0.0,0.0,4.0));
#1519=CARTESIAN_POINT('',(0.25,4.89858719658941E-16,4.0));
#1520=VECTOR('',#2315,1.0);
#1521=CARTESIAN_POINT('',(0.0,-4.89858719658941E-16,-4.0));
#1522=AXIS2_PLACEMENT_3D('',#2316,#2317,#2318);
#1523=CARTESIAN_POINT('',(0.25,-4.89858719658941E-16,-4.0));
#1524=VECTOR('',#2319,1.0);
#1525=COLOUR_RGB('',0.250980406999588,0.270588248968124,0.270588248968124);
#1526=CARTESIAN_POINT('',(8.5747226267529,4.09032030915216E-16,3.34));
#1527=CARTESIAN_POINT('',(10.0,0.0,3.34));
#1528=CARTESIAN_POINT('',(9.28736131337645,4.09032030915216E-16,3.34));
#1529=VECTOR('',#2320,1.0);
#1530=CARTESIAN_POINT('',(8.59679166958783,-1.27334279622597,3.08774968598483));
#1531=AXIS2_PLACEMENT_3D('',#2321,#2322,#2323);
#1532=CARTESIAN_POINT('',(8.90382270547673,-4.42132404039487E-16,-3.34));
#1533=CARTESIAN_POINT('',(8.59679166958783,-1.27334279622604,3.0877496859848));
#1534=CARTESIAN_POINT('',(8.60035033266266,-1.45802823262081,3.01155411827851));
#1535=CARTESIAN_POINT('',(8.6046917968919,-1.63577128476247,2.91867613758206));
#1536=CARTESIAN_POINT('',(8.61500931222693,-1.97977503595123,2.6983012373023));
#1537=CARTESIAN_POINT('',(8.62108295289842,-2.1442214160698,2.56874789714632));
#1538=CARTESIAN_POINT('',(8.63421766458926,-2.44094030289118,2.2891031542729));
#1539=CARTESIAN_POINT('',(8.64177103436363,-2.58297531620538,2.12853869603041));
#1540=CARTESIAN_POINT('',(8.65832675323726,-2.83606846362381,1.77740094921433));
#1541=CARTESIAN_POINT('',(8.66732884687038,-2.94714052838462,1.58683768974758));
#1542=CARTESIAN_POINT('',(8.68621928802968,-3.12932168825362,1.18787075074988));
#1543=CARTESIAN_POINT('',(8.69612235157613,-3.20057176499959,0.979158611974514));
#1544=CARTESIAN_POINT('',(8.71614672857475,-3.30014953640271,0.558053982787291));
#1545=CARTESIAN_POINT('',(8.72626822322399,-3.32846076170317,0.34565760668582));
#1546=CARTESIAN_POINT('',(8.74627062102625,-3.34598763227489,-0.0732872415624505));
#1547=CARTESIAN_POINT('',(8.75683930970805,-3.33449354066928,-0.294213462491091));
#1548=CARTESIAN_POINT('',(8.77797819176182,-3.26570558453547,-0.735238579930733));
#1549=CARTESIAN_POINT('',(8.78854842667797,-3.20843135776278,-0.955340537183767));
#1550=CARTESIAN_POINT('',(8.80892708498773,-3.05043229143423,-1.37897431320815));
#1551=CARTESIAN_POINT('',(8.81875197692649,-2.94957846066062,-1.5828517497837));
#1552=CARTESIAN_POINT('',(8.83701366187286,-2.71270148160381,-1.96129636442231));
#1553=CARTESIAN_POINT('',(8.84544976799633,-2.57666131652384,-2.13585292416953));
#1554=CARTESIAN_POINT('',(8.86062448685282,-2.28097552944386,-2.44953542054671));
#1555=CARTESIAN_POINT('',(8.86783723871491,-2.1108339975581,-2.59845169760993));
#1556=CARTESIAN_POINT('',(8.88057207780468,-1.73818664557715,-2.86116734484338));
#1557=CARTESIAN_POINT('',(8.8860948480053,-1.53569340731943,-2.97498452808222));
#1558=CARTESIAN_POINT('',(8.89497779199485,-1.11182185803733,-3.15796442977671));
#1559=CARTESIAN_POINT('',(8.89834541514841,-0.890082885125243,-3.2272827298031));
#1560=CARTESIAN_POINT('',(8.90276840720016,-0.443183298850107,-3.31831130608607));
#1561=CARTESIAN_POINT('',(8.90382270547673,-0.218018279075093,-3.34));
#1562=CARTESIAN_POINT('',(8.90382270547673,-4.42132404039487E-16,-3.34));
#1563=CARTESIAN_POINT('',(10.0,-4.09032030915216E-16,-3.34));
#1564=CARTESIAN_POINT('',(9.28736131337645,-4.09032030915216E-16,-3.34));
#1565=VECTOR('',#2324,1.0);
#1566=AXIS2_PLACEMENT_3D('',#2325,#2326,#2327);
#1567=COLOUR_RGB('',0.250980406999588,0.270588248968124,0.270588248968124);
#1568=CARTESIAN_POINT('',(6.8612677459529,4.09032030915216E-16,3.34));
#1569=CARTESIAN_POINT('',(6.97145162927682,0.0,3.34));
#1570=CARTESIAN_POINT('',(7.21977935366124,4.09032030915216E-16,3.34));
#1571=VECTOR('',#2328,1.0);
#1572=CARTESIAN_POINT('',(6.88333678878783,-1.273342796226,3.08774968598482));
#1573=AXIS2_PLACEMENT_3D('',#2329,#2330,#2331);
#1574=CARTESIAN_POINT('',(7.19036782467673,-4.42132404039487E-16,-3.34));
#1575=CARTESIAN_POINT('',(6.88333678878783,-1.27334279622607,3.08774968598479));
#1576=CARTESIAN_POINT('',(6.88689545186266,-1.45802823262083,3.01155411827849));
#1577=CARTESIAN_POINT('',(6.8912369160919,-1.63577128476248,2.91867613758206));
#1578=CARTESIAN_POINT('',(6.90155443142693,-1.97977503595123,2.6983012373023));
#1579=CARTESIAN_POINT('',(6.90762807209842,-2.1442214160698,2.56874789714632));
#1580=CARTESIAN_POINT('',(6.92076278378926,-2.44094030289118,2.2891031542729));
#1581=CARTESIAN_POINT('',(6.92831615356363,-2.58297531620538,2.12853869603041));
#1582=CARTESIAN_POINT('',(6.94487187243726,-2.83606846362381,1.77740094921433));
#1583=CARTESIAN_POINT('',(6.95387396607038,-2.94714052838462,1.58683768974758));
#1584=CARTESIAN_POINT('',(6.97276440722968,-3.12932168825362,1.18787075074988));
#1585=CARTESIAN_POINT('',(6.98266747077612,-3.20057176499959,0.979158611974515));
#1586=CARTESIAN_POINT('',(7.00269184777475,-3.30014953640271,0.558053982787292));
#1587=CARTESIAN_POINT('',(7.01281334242399,-3.32846076170317,0.34565760668582));
#1588=CARTESIAN_POINT('',(7.03281574022625,-3.34598763227489,-0.0732872415624505));
#1589=CARTESIAN_POINT('',(7.04338442890805,-3.33449354066928,-0.294213462491091));
#1590=CARTESIAN_POINT('',(7.06452331096182,-3.26570558453547,-0.735238579930734));
#1591=CARTESIAN_POINT('',(7.07509354587797,-3.20843135776278,-0.955340537183767));
#1592=CARTESIAN_POINT('',(7.09547220418773,-3.05043229143423,-1.37897431320815));
#1593=CARTESIAN_POINT('',(7.10529709612649,-2.94957846066062,-1.5828517497837));
#1594=CARTESIAN_POINT('',(7.12355878107286,-2.71270148160381,-1.96129636442231));
#1595=CARTESIAN_POINT('',(7.13199488719633,-2.57666131652384,-2.13585292416953));
#1596=CARTESIAN_POINT('',(7.14716960605282,-2.28097552944386,-2.44953542054671));
#1597=CARTESIAN_POINT('',(7.1543823579149,-2.1108339975581,-2.59845169760993));
#1598=CARTESIAN_POINT('',(7.16711719700468,-1.73818664557715,-2.86116734484338));
#1599=CARTESIAN_POINT('',(7.1726399672053,-1.53569340731943,-2.97498452808222));
#1600=CARTESIAN_POINT('',(7.18152291119485,-1.11182185803733,-3.15796442977671));
#1601=CARTESIAN_POINT('',(7.18489053434841,-0.890082885125243,-3.2272827298031));
#1602=CARTESIAN_POINT('',(7.18931352640015,-0.443183298850107,-3.31831130608607));
#1603=CARTESIAN_POINT('',(7.19036782467673,-0.218018279075093,-3.34));
#1604=CARTESIAN_POINT('',(7.19036782467673,-4.42132404039487E-16,-3.34));
#1605=CARTESIAN_POINT('',(7.57813689685361,-1.17850220741867E-17,-3.34));
#1606=CARTESIAN_POINT('',(7.21977935366124,-4.09032030915216E-16,-3.34));
#1607=VECTOR('',#2332,1.0);
#1608=CARTESIAN_POINT('',(7.57813689685361,3.88578058618807E-16,-3.34));
#1609=CARTESIAN_POINT('',(7.57813689685361,-0.210884078560398,-3.34));
#1610=CARTESIAN_POINT('',(7.57612005328022,-0.428894786996471,-3.31970531667395));
#1611=CARTESIAN_POINT('',(7.56765791289394,-0.862350378058165,-3.23430764667324));
#1612=CARTESIAN_POINT('',(7.56121490789799,-1.07779898242774,-3.16922332454662));
#1613=CARTESIAN_POINT('',(7.54426772352127,-1.49074272573514,-2.99721758520251));
#1614=CARTESIAN_POINT('',(7.53375137661075,-1.68857274885078,-2.89015722810349));
#1615=CARTESIAN_POINT('',(7.50961430350385,-2.05410386727664,-2.64290446928368));
#1616=CARTESIAN_POINT('',(7.49599422716266,-2.22179483084859,-2.50269702599607));
#1617=CARTESIAN_POINT('',(7.46722948658549,-2.5178779374725,-2.20452108890719));
#1618=CARTESIAN_POINT('',(7.45110950154802,-2.65644864761252,-2.0364621656018));
#1619=CARTESIAN_POINT('',(7.41633092096097,-2.90038306503692,-1.67083082488242));
#1620=CARTESIAN_POINT('',(7.3976749982293,-3.00576267965419,-1.47326876621129));
#1621=CARTESIAN_POINT('',(7.35913068199359,-3.17465817583889,-1.0614497682588));
#1622=CARTESIAN_POINT('',(7.3392128665975,-3.23830725850102,-0.846868527035559));
#1623=CARTESIAN_POINT('',(7.29953109273996,-3.3213093505779,-0.415601251571465));
#1624=CARTESIAN_POINT('',(7.27976686078765,-3.3406442121481,-0.19891174994232));
#1625=CARTESIAN_POINT('',(7.24191335945952,-3.33932431929702,0.219423628208532));
#1626=CARTESIAN_POINT('',(7.2225219924065,-3.31873141751576,0.435451546363117));
#1627=CARTESIAN_POINT('',(7.1842577950285,-3.23341609444758,0.865226346688245));
#1628=CARTESIAN_POINT('',(7.16538392732621,-3.16871117419824,1.07897661047298));
#1629=CARTESIAN_POINT('',(7.12944080922754,-2.99796044928636,1.48901114029802));
#1630=CARTESIAN_POINT('',(7.11234207401363,-2.89177984704469,1.68561795055366));
#1631=CARTESIAN_POINT('',(7.08090437302718,-2.64653593366683,2.04927941257719));
#1632=CARTESIAN_POINT('',(7.06656491363625,-2.50745709794836,2.21632355205309));
#1633=CARTESIAN_POINT('',(7.04130094398083,-2.21120078795727,2.51196025821499));
#1634=CARTESIAN_POINT('',(7.02951107205052,-2.04391059228453,2.65069217125154));
#1635=CARTESIAN_POINT('',(7.00880168449872,-1.67959067605483,2.89529180859145));
#1636=CARTESIAN_POINT('',(6.99987953562518,-1.48257093636872,3.00117417566694));
#1637=CARTESIAN_POINT('',(6.98558023172829,-1.07156371908198,3.17124805242356));
#1638=CARTESIAN_POINT('',(6.98019082187511,-0.857247133042058,3.23557545468083));
#1639=CARTESIAN_POINT('',(6.97312585341273,-0.426243823139953,3.31996044754707));
#1640=CARTESIAN_POINT('',(6.97145162927682,-0.209553545957654,3.34));
#1641=CARTESIAN_POINT('',(6.97145162927682,0.0,3.34));
#1642=COLOUR_RGB('',0.250980406999588,0.270588248968124,0.270588248968124);
#1643=CARTESIAN_POINT('',(5.1478128652529,4.09032030915216E-16,3.34));
#1644=CARTESIAN_POINT('',(5.25799674847682,0.0,3.34));
#1645=CARTESIAN_POINT('',(5.5,4.09032030915216E-16,3.34));
#1646=VECTOR('',#2333,1.0);
#1647=CARTESIAN_POINT('',(5.16988190808783,-1.27334279622598,3.08774968598483));
#1648=AXIS2_PLACEMENT_3D('',#2334,#2335,#2336);
#1649=CARTESIAN_POINT('',(5.47691294397673,-4.21315722327765E-16,-3.34));
#1650=CARTESIAN_POINT('',(5.16988190808783,-1.27334279622605,3.0877496859848));
#1651=CARTESIAN_POINT('',(5.17344057116266,-1.45802823262082,3.0115541182785));
#1652=CARTESIAN_POINT('',(5.1777820353919,-1.63577128476248,2.91867613758206));
#1653=CARTESIAN_POINT('',(5.18809955072693,-1.97977503595123,2.6983012373023));
#1654=CARTESIAN_POINT('',(5.19417319139842,-2.1442214160698,2.56874789714632));
#1655=CARTESIAN_POINT('',(5.20730790308926,-2.44094030289118,2.2891031542729));
#1656=CARTESIAN_POINT('',(5.21486127286363,-2.58297531620538,2.12853869603041));
#1657=CARTESIAN_POINT('',(5.23141699173726,-2.83606846362381,1.77740094921433));
#1658=CARTESIAN_POINT('',(5.24041908537038,-2.94714052838462,1.58683768974757));
#1659=CARTESIAN_POINT('',(5.25930952652968,-3.12932168825362,1.18787075074988));
#1660=CARTESIAN_POINT('',(5.26921259007612,-3.20057176499959,0.979158611974515));
#1661=CARTESIAN_POINT('',(5.28923696707475,-3.30014953640271,0.558053982787292));
#1662=CARTESIAN_POINT('',(5.29935846172399,-3.32846076170317,0.34565760668582));
#1663=CARTESIAN_POINT('',(5.31936085952625,-3.34598763227489,-0.0732872415624509));
#1664=CARTESIAN_POINT('',(5.32992954820805,-3.33449354066928,-0.294213462491092));
#1665=CARTESIAN_POINT('',(5.35106843026182,-3.26570558453547,-0.735238579930735));
#1666=CARTESIAN_POINT('',(5.36163866517797,-3.20843135776278,-0.955340537183768));
#1667=CARTESIAN_POINT('',(5.38201732348772,-3.05043229143423,-1.37897431320815));
#1668=CARTESIAN_POINT('',(5.39184221542649,-2.94957846066062,-1.5828517497837));
#1669=CARTESIAN_POINT('',(5.41010390037286,-2.71270148160381,-1.96129636442231));
#1670=CARTESIAN_POINT('',(5.41854000649633,-2.57666131652384,-2.13585292416953));
#1671=CARTESIAN_POINT('',(5.43371472535282,-2.28097552944386,-2.44953542054671));
#1672=CARTESIAN_POINT('',(5.4409274772149,-2.1108339975581,-2.59845169760993));
#1673=CARTESIAN_POINT('',(5.45366231630468,-1.73818664557715,-2.86116734484338));
#1674=CARTESIAN_POINT('',(5.4591850865053,-1.53569340731943,-2.97498452808222));
#1675=CARTESIAN_POINT('',(5.46806803049485,-1.11182185803733,-3.15796442977671));
#1676=CARTESIAN_POINT('',(5.47143565364841,-0.890082885125244,-3.2272827298031));
#1677=CARTESIAN_POINT('',(5.47585864570015,-0.443183298850107,-3.31831130608607));
#1678=CARTESIAN_POINT('',(5.47691294397673,-0.218018279075094,-3.34));
#1679=CARTESIAN_POINT('',(5.47691294397673,-4.21315722327765E-16,-3.34));
#1680=CARTESIAN_POINT('',(5.86468201605361,-1.17850220741878E-17,-3.34));
#1681=CARTESIAN_POINT('',(5.5,-4.09032030915216E-16,-3.34));
#1682=VECTOR('',#2337,1.0);
#1683=CARTESIAN_POINT('',(5.86468201605361,3.88578058618805E-16,-3.34));
#1684=CARTESIAN_POINT('',(5.86468201605361,-0.210884078560398,-3.34));
#1685=CARTESIAN_POINT('',(5.86266517248022,-0.428894786996471,-3.31970531667395));
#1686=CARTESIAN_POINT('',(5.85420303209394,-0.862350378058165,-3.23430764667324));
#1687=CARTESIAN_POINT('',(5.847760027098,-1.07779898242774,-3.16922332454663));
#1688=CARTESIAN_POINT('',(5.83081284272128,-1.49074272573514,-2.99721758520251));
#1689=CARTESIAN_POINT('',(5.82029649581075,-1.68857274885078,-2.8901572281035));
#1690=CARTESIAN_POINT('',(5.79615942270385,-2.05410386727664,-2.64290446928368));
#1691=CARTESIAN_POINT('',(5.78253934636266,-2.22179483084859,-2.50269702599607));
#1692=CARTESIAN_POINT('',(5.75377460578549,-2.5178779374725,-2.20452108890719));
#1693=CARTESIAN_POINT('',(5.73765462074802,-2.65644864761252,-2.0364621656018));
#1694=CARTESIAN_POINT('',(5.70287604016097,-2.90038306503692,-1.67083082488242));
#1695=CARTESIAN_POINT('',(5.6842201174293,-3.00576267965419,-1.47326876621129));
#1696=CARTESIAN_POINT('',(5.64567580119359,-3.17465817583889,-1.0614497682588));
#1697=CARTESIAN_POINT('',(5.6257579857975,-3.23830725850102,-0.84686852703556));
#1698=CARTESIAN_POINT('',(5.58607621193996,-3.3213093505779,-0.415601251571465));
#1699=CARTESIAN_POINT('',(5.56631197998765,-3.3406442121481,-0.19891174994232));
#1700=CARTESIAN_POINT('',(5.52845847865952,-3.33932431929702,0.219423628208532));
#1701=CARTESIAN_POINT('',(5.5090671116065,-3.31873141751576,0.435451546363116));
#1702=CARTESIAN_POINT('',(5.4708029142285,-3.23341609444759,0.865226346688245));
#1703=CARTESIAN_POINT('',(5.4519290465262,-3.16871117419824,1.07897661047298));
#1704=CARTESIAN_POINT('',(5.41598592842754,-2.99796044928635,1.48901114029802));
#1705=CARTESIAN_POINT('',(5.39888719321363,-2.89177984704469,1.68561795055366));
#1706=CARTESIAN_POINT('',(5.36744949222718,-2.64653593366683,2.04927941257719));
#1707=CARTESIAN_POINT('',(5.35311003283625,-2.50745709794836,2.21632355205309));
#1708=CARTESIAN_POINT('',(5.32784606318083,-2.21120078795727,2.51196025821499));
#1709=CARTESIAN_POINT('',(5.31605619125052,-2.04391059228453,2.65069217125154));
#1710=CARTESIAN_POINT('',(5.29534680369872,-1.67959067605483,2.89529180859145));
#1711=CARTESIAN_POINT('',(5.28642465482518,-1.48257093636872,3.00117417566694));
#1712=CARTESIAN_POINT('',(5.27212535092829,-1.07156371908198,3.17124805242356));
#1713=CARTESIAN_POINT('',(5.26673594107511,-0.857247133042058,3.23557545468083));
#1714=CARTESIAN_POINT('',(5.25967097261274,-0.426243823139954,3.31996044754707));
#1715=CARTESIAN_POINT('',(5.25799674847682,-0.209553545957654,3.34));
#1716=CARTESIAN_POINT('',(5.25799674847682,0.0,3.34));
#1717=COLOUR_RGB('',0.250980406999588,0.270588248968124,0.270588248968124);
#1718=CARTESIAN_POINT('',(3.4343579845529,4.09032030915216E-16,3.34));
#1719=CARTESIAN_POINT('',(3.54454186777682,0.0,3.34));
#1720=CARTESIAN_POINT('',(3.79286959221124,4.09032030915216E-16,3.34));
#1721=VECTOR('',#2338,1.0);
#1722=CARTESIAN_POINT('',(3.45642702738783,-1.27334279622598,3.08774968598483));
#1723=AXIS2_PLACEMENT_3D('',#2339,#2340,#2341);
#1724=CARTESIAN_POINT('',(3.76345806327673,-4.42132404039487E-16,-3.34));
#1725=CARTESIAN_POINT('',(3.45642702738783,-1.27334279622605,3.0877496859848));
#1726=CARTESIAN_POINT('',(3.45998569046266,-1.45802823262082,3.0115541182785));
#1727=CARTESIAN_POINT('',(3.4643271546919,-1.63577128476248,2.91867613758206));
#1728=CARTESIAN_POINT('',(3.47464467002693,-1.97977503595123,2.6983012373023));
#1729=CARTESIAN_POINT('',(3.48071831069842,-2.1442214160698,2.56874789714632));
#1730=CARTESIAN_POINT('',(3.49385302238926,-2.44094030289118,2.2891031542729));
#1731=CARTESIAN_POINT('',(3.50140639216363,-2.58297531620538,2.12853869603041));
#1732=CARTESIAN_POINT('',(3.51796211103726,-2.83606846362381,1.77740094921433));
#1733=CARTESIAN_POINT('',(3.52696420467038,-2.94714052838462,1.58683768974758));
#1734=CARTESIAN_POINT('',(3.54585464582968,-3.12932168825362,1.18787075074988));
#1735=CARTESIAN_POINT('',(3.55575770937612,-3.20057176499959,0.979158611974515));
#1736=CARTESIAN_POINT('',(3.57578208637475,-3.30014953640271,0.558053982787292));
#1737=CARTESIAN_POINT('',(3.58590358102399,-3.32846076170317,0.34565760668582));
#1738=CARTESIAN_POINT('',(3.60590597882625,-3.34598763227489,-0.0732872415624505));
#1739=CARTESIAN_POINT('',(3.61647466750805,-3.33449354066928,-0.294213462491091));
#1740=CARTESIAN_POINT('',(3.63761354956182,-3.26570558453547,-0.735238579930734));
#1741=CARTESIAN_POINT('',(3.64818378447797,-3.20843135776278,-0.955340537183767));
#1742=CARTESIAN_POINT('',(3.66856244278772,-3.05043229143423,-1.37897431320815));
#1743=CARTESIAN_POINT('',(3.67838733472649,-2.94957846066062,-1.5828517497837));
#1744=CARTESIAN_POINT('',(3.69664901967286,-2.71270148160381,-1.96129636442231));
#1745=CARTESIAN_POINT('',(3.70508512579633,-2.57666131652384,-2.13585292416953));
#1746=CARTESIAN_POINT('',(3.72025984465282,-2.28097552944386,-2.44953542054671));
#1747=CARTESIAN_POINT('',(3.7274725965149,-2.1108339975581,-2.59845169760993));
#1748=CARTESIAN_POINT('',(3.74020743560468,-1.73818664557715,-2.86116734484338));
#1749=CARTESIAN_POINT('',(3.7457302058053,-1.53569340731943,-2.97498452808222));
#1750=CARTESIAN_POINT('',(3.75461314979485,-1.11182185803733,-3.15796442977671));
#1751=CARTESIAN_POINT('',(3.75798077294841,-0.890082885125243,-3.2272827298031));
#1752=CARTESIAN_POINT('',(3.76240376500016,-0.443183298850107,-3.31831130608607));
#1753=CARTESIAN_POINT('',(3.76345806327673,-0.218018279075093,-3.34));
#1754=CARTESIAN_POINT('',(3.76345806327673,-4.42132404039487E-16,-3.34));
#1755=CARTESIAN_POINT('',(4.15122713535361,-1.17850220741878E-17,-3.34));
#1756=CARTESIAN_POINT('',(3.79286959221124,-4.09032030915216E-16,-3.34));
#1757=VECTOR('',#2342,1.0);
#1758=CARTESIAN_POINT('',(4.15122713535361,3.88578058618805E-16,-3.34));
#1759=CARTESIAN_POINT('',(4.15122713535361,-0.210884078560398,-3.34));
#1760=CARTESIAN_POINT('',(4.14921029178022,-0.428894786996471,-3.31970531667395));
#1761=CARTESIAN_POINT('',(4.14074815139393,-0.862350378058165,-3.23430764667324));
#1762=CARTESIAN_POINT('',(4.134305146398,-1.07779898242774,-3.16922332454662));
#1763=CARTESIAN_POINT('',(4.11735796202128,-1.49074272573514,-2.99721758520251));
#1764=CARTESIAN_POINT('',(4.10684161511075,-1.68857274885078,-2.8901572281035));
#1765=CARTESIAN_POINT('',(4.08270454200385,-2.05410386727664,-2.64290446928368));
#1766=CARTESIAN_POINT('',(4.06908446566266,-2.22179483084859,-2.50269702599607));
#1767=CARTESIAN_POINT('',(4.04031972508549,-2.5178779374725,-2.20452108890719));
#1768=CARTESIAN_POINT('',(4.02419974004802,-2.65644864761252,-2.0364621656018));
#1769=CARTESIAN_POINT('',(3.98942115946097,-2.90038306503692,-1.67083082488242));
#1770=CARTESIAN_POINT('',(3.9707652367293,-3.00576267965419,-1.47326876621129));
#1771=CARTESIAN_POINT('',(3.93222092049359,-3.17465817583889,-1.0614497682588));
#1772=CARTESIAN_POINT('',(3.9123031050975,-3.23830725850102,-0.846868527035559));
#1773=CARTESIAN_POINT('',(3.87262133123996,-3.3213093505779,-0.415601251571465));
#1774=CARTESIAN_POINT('',(3.85285709928765,-3.3406442121481,-0.19891174994232));
#1775=CARTESIAN_POINT('',(3.81500359795952,-3.33932431929702,0.219423628208532));
#1776=CARTESIAN_POINT('',(3.7956122309065,-3.31873141751576,0.435451546363117));
#1777=CARTESIAN_POINT('',(3.75734803352851,-3.23341609444759,0.865226346688245));
#1778=CARTESIAN_POINT('',(3.7384741658262,-3.16871117419824,1.07897661047298));
#1779=CARTESIAN_POINT('',(3.70253104772754,-2.99796044928636,1.48901114029802));
#1780=CARTESIAN_POINT('',(3.68543231251363,-2.89177984704469,1.68561795055366));
#1781=CARTESIAN_POINT('',(3.65399461152718,-2.64653593366683,2.04927941257719));
#1782=CARTESIAN_POINT('',(3.63965515213625,-2.50745709794836,2.21632355205309));
#1783=CARTESIAN_POINT('',(3.61439118248083,-2.21120078795727,2.51196025821499));
#1784=CARTESIAN_POINT('',(3.60260131055052,-2.04391059228453,2.65069217125154));
#1785=CARTESIAN_POINT('',(3.58189192299872,-1.67959067605483,2.89529180859145));
#1786=CARTESIAN_POINT('',(3.57296977412518,-1.48257093636872,3.00117417566694));
#1787=CARTESIAN_POINT('',(3.55867047022829,-1.07156371908198,3.17124805242356));
#1788=CARTESIAN_POINT('',(3.55328106037511,-0.857247133042058,3.23557545468083));
#1789=CARTESIAN_POINT('',(3.54621609191273,-0.426243823139954,3.31996044754707));
#1790=CARTESIAN_POINT('',(3.54454186777682,-0.209553545957654,3.34));
#1791=CARTESIAN_POINT('',(3.54454186777682,0.0,3.34));
#1792=COLOUR_RGB('',0.250980406999588,0.270588248968124,0.270588248968124);
#1793=CARTESIAN_POINT('',(1.83108698707682,0.0,3.34));
#1794=CARTESIAN_POINT('',(1.71896315958479,4.09032030915216E-16,3.34));
#1795=VECTOR('',#2343,1.0);
#1796=CARTESIAN_POINT('',(2.43777225465361,-1.17850220741878E-17,-3.34));
#1797=CARTESIAN_POINT('',(1.71896315958479,-4.09032030915216E-16,-3.34));
#1798=VECTOR('',#2344,1.0);
#1799=CARTESIAN_POINT('',(2.43777225465361,3.88578058618805E-16,-3.34));
#1800=CARTESIAN_POINT('',(2.43777225465361,-0.210884078560398,-3.34));
#1801=CARTESIAN_POINT('',(2.43575541108022,-0.428894786996471,-3.31970531667395));
#1802=CARTESIAN_POINT('',(2.42729327069393,-0.862350378058165,-3.23430764667324));
#1803=CARTESIAN_POINT('',(2.420850265698,-1.07779898242774,-3.16922332454662));
#1804=CARTESIAN_POINT('',(2.40390308132127,-1.49074272573514,-2.99721758520251));
#1805=CARTESIAN_POINT('',(2.39338673441075,-1.68857274885078,-2.89015722810349));
#1806=CARTESIAN_POINT('',(2.36924966130385,-2.05410386727664,-2.64290446928368));
#1807=CARTESIAN_POINT('',(2.35562958496266,-2.22179483084859,-2.50269702599607));
#1808=CARTESIAN_POINT('',(2.32686484438549,-2.5178779374725,-2.20452108890719));
#1809=CARTESIAN_POINT('',(2.31074485934802,-2.65644864761252,-2.0364621656018));
#1810=CARTESIAN_POINT('',(2.27596627876097,-2.90038306503692,-1.67083082488242));
#1811=CARTESIAN_POINT('',(2.2573103560293,-3.00576267965419,-1.47326876621129));
#1812=CARTESIAN_POINT('',(2.21876603979359,-3.17465817583889,-1.0614497682588));
#1813=CARTESIAN_POINT('',(2.1988482243975,-3.23830725850102,-0.846868527035561));
#1814=CARTESIAN_POINT('',(2.15916645053996,-3.3213093505779,-0.415601251571466));
#1815=CARTESIAN_POINT('',(2.13940221858765,-3.3406442121481,-0.19891174994232));
#1816=CARTESIAN_POINT('',(2.10154871725952,-3.33932431929702,0.219423628208532));
#1817=CARTESIAN_POINT('',(2.0821573502065,-3.31873141751576,0.435451546363116));
#1818=CARTESIAN_POINT('',(2.04389315282851,-3.23341609444759,0.865226346688245));
#1819=CARTESIAN_POINT('',(2.02501928512621,-3.16871117419824,1.07897661047298));
#1820=CARTESIAN_POINT('',(1.98907616702754,-2.99796044928635,1.48901114029802));
#1821=CARTESIAN_POINT('',(1.97197743181363,-2.89177984704469,1.68561795055366));
#1822=CARTESIAN_POINT('',(1.94053973082718,-2.64653593366683,2.04927941257719));
#1823=CARTESIAN_POINT('',(1.92620027143625,-2.50745709794836,2.21632355205309));
#1824=CARTESIAN_POINT('',(1.90093630178083,-2.21120078795727,2.511960258215));
#1825=CARTESIAN_POINT('',(1.88914642985052,-2.04391059228453,2.65069217125154));
#1826=CARTESIAN_POINT('',(1.86843704229872,-1.67959067605483,2.89529180859145));
#1827=CARTESIAN_POINT('',(1.85951489342518,-1.48257093636872,3.00117417566694));
#1828=CARTESIAN_POINT('',(1.84521558952829,-1.07156371908199,3.17124805242356));
#1829=CARTESIAN_POINT('',(1.83982617967511,-0.85724713304206,3.23557545468083));
#1830=CARTESIAN_POINT('',(1.83276121121273,-0.426243823139956,3.31996044754707));
#1831=CARTESIAN_POINT('',(1.83108698707682,-0.209553545957655,3.34));
#1832=CARTESIAN_POINT('',(1.83108698707682,0.0,3.34));
#1833=COLOUR_RGB('',0.250980406999588,0.270588248968124,0.270588248968124);
#1834=CARTESIAN_POINT('',(2.40715331663969,0.0,4.06623836449511));
#1835=CARTESIAN_POINT('',(2.60639225625888,0.0,4.08366951303504));
#1836=CARTESIAN_POINT('',(2.50677278644928,4.91729900390489E-16,4.07495393876507));
#1837=VECTOR('',#2345,1.0);
#1838=CARTESIAN_POINT('',(3.10706262446615,-4.91729900390489E-16,-3.93376163559165));
#1839=AXIS2_PLACEMENT_3D('',#2346,#2347,#2348);
#1840=CARTESIAN_POINT('',(3.30630156408534,-4.91729900390489E-16,-3.91633048705172));
#1841=CARTESIAN_POINT('',(3.20668209427574,-4.91729900390489E-16,-3.92504606132168));
#1842=VECTOR('',#2349,1.0);
#1843=AXIS2_PLACEMENT_3D('',#2350,#2351,#2352);
#1844=COLOUR_RGB('',0.250980406999588,0.270588248968124,0.270588248968124);
#1845=CARTESIAN_POINT('',(4.12060819733969,0.0,4.06623836449511));
#1846=CARTESIAN_POINT('',(4.31984713695888,0.0,4.08366951303504));
#1847=CARTESIAN_POINT('',(4.22022766714928,4.91729900390489E-16,4.07495393876507));
#1848=VECTOR('',#2353,1.0);
#1849=CARTESIAN_POINT('',(4.82051750516615,-4.91729900390489E-16,-3.93376163559165));
#1850=AXIS2_PLACEMENT_3D('',#2354,#2355,#2356);
#1851=CARTESIAN_POINT('',(5.01975644478534,-4.91729900390489E-16,-3.91633048705172));
#1852=CARTESIAN_POINT('',(4.92013697497574,-4.91729900390489E-16,-3.92504606132168));
#1853=VECTOR('',#2357,1.0);
#1854=AXIS2_PLACEMENT_3D('',#2358,#2359,#2360);
#1855=COLOUR_RGB('',0.250980406999588,0.270588248968124,0.270588248968124);
#1856=CARTESIAN_POINT('',(5.83406307803969,0.0,4.06623836449511));
#1857=CARTESIAN_POINT('',(6.03330201765888,0.0,4.08366951303504));
#1858=CARTESIAN_POINT('',(5.93368254784928,4.91729900390489E-16,4.07495393876507));
#1859=VECTOR('',#2361,1.0);
#1860=CARTESIAN_POINT('',(6.53397238586615,-4.91729900390489E-16,-3.93376163559165));
#1861=AXIS2_PLACEMENT_3D('',#2362,#2363,#2364);
#1862=CARTESIAN_POINT('',(6.73321132548534,-4.91729900390489E-16,-3.91633048705172));
#1863=CARTESIAN_POINT('',(6.63359185567574,-4.91729900390489E-16,-3.92504606132168));
#1864=VECTOR('',#2365,1.0);
#1865=AXIS2_PLACEMENT_3D('',#2366,#2367,#2368);
#1866=COLOUR_RGB('',0.250980406999588,0.270588248968124,0.270588248968124);
#1867=CARTESIAN_POINT('',(7.54751795883969,0.0,4.06623836449511));
#1868=CARTESIAN_POINT('',(7.74675689845888,0.0,4.08366951303504));
#1869=CARTESIAN_POINT('',(7.64713742864928,4.91729900390489E-16,4.07495393876507));
#1870=VECTOR('',#2369,1.0);
#1871=CARTESIAN_POINT('',(8.24742726666615,-4.91729900390489E-16,-3.93376163559165));
#1872=AXIS2_PLACEMENT_3D('',#2370,#2371,#2372);
#1873=CARTESIAN_POINT('',(8.44666620628534,-4.91729900390489E-16,-3.91633048705172));
#1874=CARTESIAN_POINT('',(8.34704673647574,-4.91729900390489E-16,-3.92504606132168));
#1875=VECTOR('',#2373,1.0);
#1876=AXIS2_PLACEMENT_3D('',#2374,#2375,#2376);
#1877=COLOUR_RGB('',0.250980406999588,0.270588248968124,0.270588248968124);
#1878=CARTESIAN_POINT('',(2.06359479675717,4.42556910347767E-16,3.63311918223502));
#1879=VECTOR('',#2377,1.0);
#1880=CARTESIAN_POINT('',(2.69351317379575,-4.42556910347766E-16,-3.56688081778329));
#1881=VECTOR('',#2378,1.0);
#1882=COLOUR_RGB('',0.250980406999588,0.270588248968124,0.270588248968124);
#1883=CARTESIAN_POINT('',(3.77704967745717,4.42556910347766E-16,3.63311918223502));
#1884=VECTOR('',#2379,1.0);
#1885=CARTESIAN_POINT('',(4.40696805449575,-4.42556910347766E-16,-3.56688081778329));
#1886=VECTOR('',#2380,1.0);
#1887=COLOUR_RGB('',0.250980406999588,0.270588248968124,0.270588248968124);
#1888=CARTESIAN_POINT('',(5.49050455815717,4.42556910347767E-16,3.63311918223502));
#1889=VECTOR('',#2381,1.0);
#1890=CARTESIAN_POINT('',(6.12042293519575,-4.42556910347766E-16,-3.56688081778329));
#1891=VECTOR('',#2382,1.0);
#1892=COLOUR_RGB('',0.250980406999588,0.270588248968124,0.270588248968124);
#1893=CARTESIAN_POINT('',(7.20395943895717,4.42556910347767E-16,3.63311918223502));
#1894=VECTOR('',#2383,1.0);
#1895=CARTESIAN_POINT('',(7.83387781599575,-4.42556910347766E-16,-3.56688081778329));
#1896=VECTOR('',#2384,1.0);
#1897=COLOUR_RGB('',0.250980406999588,0.270588248968124,0.270588248968124);
#1898=CARTESIAN_POINT('',(3.43349115759967,3.93383920305043E-16,3.34990787741832));
#1899=CARTESIAN_POINT('',(3.01994170692928,4.42556910347766E-16,3.71678869522668));
#1900=VECTOR('',#2385,1.0);
#1901=CARTESIAN_POINT('',(3.64986008396786,-4.42556910347766E-16,-3.48321130479163));
#1902=VECTOR('',#2386,1.0);
#1903=AXIS2_PLACEMENT_3D('',#2387,#2388,#2389);
#1904=COLOUR_RGB('',0.250980406999588,0.270588248968124,0.270588248968124);
#1905=CARTESIAN_POINT('',(5.14694603829967,3.93383920305044E-16,3.34990787741832));
#1906=CARTESIAN_POINT('',(4.73339658762927,4.42556910347766E-16,3.71678869522668));
#1907=VECTOR('',#2390,1.0);
#1908=CARTESIAN_POINT('',(5.36331496466786,-4.42556910347766E-16,-3.48321130479163));
#1909=VECTOR('',#2391,1.0);
#1910=AXIS2_PLACEMENT_3D('',#2392,#2393,#2394);
#1911=COLOUR_RGB('',0.250980406999588,0.270588248968124,0.270588248968124);
#1912=CARTESIAN_POINT('',(6.86040091899967,3.93383920305043E-16,3.34990787741832));
#1913=CARTESIAN_POINT('',(6.44685146832927,4.42556910347766E-16,3.71678869522668));
#1914=VECTOR('',#2395,1.0);
#1915=CARTESIAN_POINT('',(7.07676984536786,-4.42556910347766E-16,-3.48321130479163));
#1916=VECTOR('',#2396,1.0);
#1917=AXIS2_PLACEMENT_3D('',#2397,#2398,#2399);
#1918=COLOUR_RGB('',0.250980406999588,0.270588248968124,0.270588248968124);
#1919=CARTESIAN_POINT('',(8.57385579979967,3.93383920305043E-16,3.34990787741832));
#1920=CARTESIAN_POINT('',(8.16030634912928,4.42556910347766E-16,3.71678869522668));
#1921=VECTOR('',#2400,1.0);
#1922=CARTESIAN_POINT('',(8.79022472616786,-4.42556910347766E-16,-3.48321130479163));
#1923=VECTOR('',#2401,1.0);
#1924=AXIS2_PLACEMENT_3D('',#2402,#2403,#2404);
#1925=COLOUR_RGB('',0.250980406999588,0.270588248968124,0.270588248968124);
#1926=CARTESIAN_POINT('',(10.0,0.0,2.5));
#1927=CARTESIAN_POINT('',(9.75,2.75545529808154E-16,2.25));
#1928=VECTOR('',#2405,1.0);
#1929=CARTESIAN_POINT('',(10.0,-3.06161699786838E-16,-2.5));
#1930=AXIS2_PLACEMENT_3D('',#2406,#2407,#2408);
#1931=CARTESIAN_POINT('',(9.75,-2.75545529808154E-16,-2.25));
#1932=VECTOR('',#2409,1.0);
#1933=AXIS2_PLACEMENT_3D('',#2410,#2411,#2412);
#1934=COLOUR_RGB('',0.250980406999588,0.270588248968124,0.270588248968124);
#1935=AXIS2_PLACEMENT_3D('',#2413,#2414,#2415);
#1936=COLOUR_RGB('',0.250980406999588,0.270588248968124,0.270588248968124);
#1937=CARTESIAN_POINT('',(2.5,-2.2,1.2701705922));
#1938=CARTESIAN_POINT('',(2.5,0.0,2.5403411844));
#1939=CARTESIAN_POINT('',(2.5,-2.2,1.2701705922));
#1940=VECTOR('',#2416,1.0);
#1941=CARTESIAN_POINT('',(0.0,-2.2,1.2701705922));
#1942=CARTESIAN_POINT('',(0.0,-2.2,1.2701705922));
#1943=VECTOR('',#2417,1.0);
#1944=CARTESIAN_POINT('',(0.0,0.0,2.5403411844));
#1945=CARTESIAN_POINT('',(0.0,-0.450480947154906,2.28025588829883));
#1946=VECTOR('',#2418,1.0);
#1947=CARTESIAN_POINT('',(0.0,0.0,2.5403411844));
#1948=VECTOR('',#2419,1.0);
#1949=COLOUR_RGB('',0.250980406999588,0.270588248968124,0.270588248968124);
#1950=CARTESIAN_POINT('',(2.5,2.2,1.2701705922));
#1951=CARTESIAN_POINT('',(2.5,0.0,2.5403411844));
#1952=VECTOR('',#2420,1.0);
#1953=CARTESIAN_POINT('',(0.0,2.2,1.2701705922));
#1954=CARTESIAN_POINT('',(0.0,0.450480947154906,2.28025588829883));
#1955=VECTOR('',#2421,1.0);
#1956=CARTESIAN_POINT('',(0.0,2.2,1.2701705922));
#1957=VECTOR('',#2422,1.0);
#1958=COLOUR_RGB('',0.250980406999588,0.270588248968124,0.270588248968124);
#1959=CARTESIAN_POINT('',(2.5,2.2,-1.2701705922));
#1960=CARTESIAN_POINT('',(2.5,2.2,1.2701705922));
#1961=VECTOR('',#2423,1.0);
#1962=CARTESIAN_POINT('',(0.0,2.2,-1.2701705922));
#1963=CARTESIAN_POINT('',(0.0,2.2,1.5));
#1964=VECTOR('',#2424,1.0);
#1965=CARTESIAN_POINT('',(0.0,2.2,-1.2701705922));
#1966=VECTOR('',#2425,1.0);
#1967=COLOUR_RGB('',0.250980406999588,0.270588248968124,0.270588248968124);
#1968=CARTESIAN_POINT('',(2.5,0.0,-2.5403411844));
#1969=CARTESIAN_POINT('',(2.5,2.2,-1.2701705922));
#1970=VECTOR('',#2426,1.0);
#1971=CARTESIAN_POINT('',(0.0,0.0,-2.5403411844));
#1972=CARTESIAN_POINT('',(0.0,1.74951905282278,-1.53025588831405));
#1973=VECTOR('',#2427,1.0);
#1974=CARTESIAN_POINT('',(0.0,0.0,-2.5403411844));
#1975=VECTOR('',#2428,1.0);
#1976=COLOUR_RGB('',0.250980406999588,0.270588248968124,0.270588248968124);
#1977=CARTESIAN_POINT('',(2.5,-2.2,-1.2701705922));
#1978=CARTESIAN_POINT('',(2.5,0.0,-2.5403411844));
#1979=VECTOR('',#2429,1.0);
#1980=CARTESIAN_POINT('',(0.0,-2.2,-1.2701705922));
#1981=CARTESIAN_POINT('',(0.0,-1.74951905282278,-1.53025588831405));
#1982=VECTOR('',#2430,1.0);
#1983=CARTESIAN_POINT('',(0.0,-2.2,-1.2701705922));
#1984=VECTOR('',#2431,1.0);
#1985=COLOUR_RGB('',0.250980406999588,0.270588248968124,0.270588248968124);
#1986=CARTESIAN_POINT('',(2.5,-2.2,-1.2701705922));
#1987=VECTOR('',#2432,1.0);
#1988=CARTESIAN_POINT('',(0.0,-2.2,1.5));
#1989=VECTOR('',#2433,1.0);
#1990=COLOUR_RGB('',0.250980406999588,0.270588248968124,0.270588248968124);
#1991=AXIS2_PLACEMENT_3D('',#2434,#2435,#2436);
#1992=COLOUR_RGB('',0.250980406999588,0.270588248968124,0.270588248968124);
#1993=CARTESIAN_POINT('',(8.59679166958783,1.27334279622597,3.08774968598483));
#1994=AXIS2_PLACEMENT_3D('',#2437,#2438,#2439);
#1995=CARTESIAN_POINT('',(8.90382270547673,-4.57966997657877E-16,-3.34));
#1996=CARTESIAN_POINT('',(8.90382270547673,0.218018279075092,-3.34));
#1997=CARTESIAN_POINT('',(8.90276840720015,0.443183298850104,-3.31831130608607));
#1998=CARTESIAN_POINT('',(8.89834541514841,0.89008288512524,-3.2272827298031));
#1999=CARTESIAN_POINT('',(8.89497779199485,1.11182185803733,-3.15796442977671));
#2000=CARTESIAN_POINT('',(8.8860948480053,1.53569340731942,-2.97498452808222));
#2001=CARTESIAN_POINT('',(8.88057207780468,1.73818664557715,-2.86116734484338));
#2002=CARTESIAN_POINT('',(8.8678372387149,2.1108339975581,-2.59845169760993));
#2003=CARTESIAN_POINT('',(8.86062448685282,2.28097552944386,-2.44953542054671));
#2004=CARTESIAN_POINT('',(8.84544976799633,2.57666131652384,-2.13585292416953));
#2005=CARTESIAN_POINT('',(8.83701366187286,2.71270148160381,-1.96129636442231));
#2006=CARTESIAN_POINT('',(8.81875197692649,2.94957846066062,-1.5828517497837));
#2007=CARTESIAN_POINT('',(8.80892708498773,3.05043229143423,-1.37897431320815));
#2008=CARTESIAN_POINT('',(8.78854842667797,3.20843135776278,-0.955340537183767));
#2009=CARTESIAN_POINT('',(8.77797819176183,3.26570558453547,-0.735238579930734));
#2010=CARTESIAN_POINT('',(8.75683930970806,3.33449354066928,-0.294213462491092));
#2011=CARTESIAN_POINT('',(8.74627062102625,3.34598763227489,-0.0732872415624512));
#2012=CARTESIAN_POINT('',(8.72626822322399,3.32846076170317,0.34565760668582));
#2013=CARTESIAN_POINT('',(8.71614672857475,3.30014953640271,0.558053982787292));
#2014=CARTESIAN_POINT('',(8.69612235157613,3.20057176499959,0.979158611974514));
#2015=CARTESIAN_POINT('',(8.68621928802968,3.12932168825362,1.18787075074988));
#2016=CARTESIAN_POINT('',(8.66732884687037,2.94714052838462,1.58683768974757));
#2017=CARTESIAN_POINT('',(8.65832675323726,2.83606846362381,1.77740094921433));
#2018=CARTESIAN_POINT('',(8.64177103436363,2.58297531620538,2.12853869603041));
#2019=CARTESIAN_POINT('',(8.63421766458926,2.44094030289118,2.2891031542729));
#2020=CARTESIAN_POINT('',(8.62108295289842,2.1442214160698,2.56874789714632));
#2021=CARTESIAN_POINT('',(8.61500931222693,1.97977503595123,2.6983012373023));
#2022=CARTESIAN_POINT('',(8.6046917968919,1.63577128476247,2.91867613758206));
#2023=CARTESIAN_POINT('',(8.6003489762296,1.45804023891854,3.01158316277169));
#2024=CARTESIAN_POINT('',(8.59679166958783,1.27334279622597,3.08774968598483));
#2025=AXIS2_PLACEMENT_3D('',#2440,#2441,#2442);
#2026=COLOUR_RGB('',0.250980406999588,0.270588248968124,0.270588248968124);
#2027=CARTESIAN_POINT('',(6.88333678878783,1.27334279622603,3.08774968598481));
#2028=AXIS2_PLACEMENT_3D('',#2443,#2444,#2445);
#2029=CARTESIAN_POINT('',(7.19036782467673,-4.57966997657877E-16,-3.34));
#2030=CARTESIAN_POINT('',(7.19036782467673,0.218018279075092,-3.34));
#2031=CARTESIAN_POINT('',(7.18931352640015,0.443183298850104,-3.31831130608607));
#2032=CARTESIAN_POINT('',(7.18489053434841,0.89008288512524,-3.2272827298031));
#2033=CARTESIAN_POINT('',(7.18152291119485,1.11182185803733,-3.15796442977671));
#2034=CARTESIAN_POINT('',(7.1726399672053,1.53569340731942,-2.97498452808222));
#2035=CARTESIAN_POINT('',(7.16711719700468,1.73818664557714,-2.86116734484338));
#2036=CARTESIAN_POINT('',(7.1543823579149,2.1108339975581,-2.59845169760993));
#2037=CARTESIAN_POINT('',(7.14716960605282,2.28097552944386,-2.44953542054671));
#2038=CARTESIAN_POINT('',(7.13199488719633,2.57666131652384,-2.13585292416953));
#2039=CARTESIAN_POINT('',(7.12355878107286,2.71270148160381,-1.96129636442231));
#2040=CARTESIAN_POINT('',(7.10529709612649,2.94957846066062,-1.5828517497837));
#2041=CARTESIAN_POINT('',(7.09547220418773,3.05043229143423,-1.37897431320815));
#2042=CARTESIAN_POINT('',(7.07509354587797,3.20843135776278,-0.955340537183767));
#2043=CARTESIAN_POINT('',(7.06452331096182,3.26570558453547,-0.735238579930734));
#2044=CARTESIAN_POINT('',(7.04338442890805,3.33449354066928,-0.294213462491092));
#2045=CARTESIAN_POINT('',(7.03281574022625,3.34598763227489,-0.0732872415624512));
#2046=CARTESIAN_POINT('',(7.01281334242399,3.32846076170317,0.34565760668582));
#2047=CARTESIAN_POINT('',(7.00269184777475,3.30014953640271,0.558053982787292));
#2048=CARTESIAN_POINT('',(6.98266747077612,3.20057176499959,0.979158611974514));
#2049=CARTESIAN_POINT('',(6.97276440722968,3.12932168825362,1.18787075074988));
#2050=CARTESIAN_POINT('',(6.95387396607037,2.94714052838462,1.58683768974757));
#2051=CARTESIAN_POINT('',(6.94487187243726,2.83606846362381,1.77740094921433));
#2052=CARTESIAN_POINT('',(6.92831615356363,2.58297531620538,2.12853869603041));
#2053=CARTESIAN_POINT('',(6.92076278378925,2.44094030289118,2.2891031542729));
#2054=CARTESIAN_POINT('',(6.90762807209842,2.1442214160698,2.56874789714632));
#2055=CARTESIAN_POINT('',(6.90155443142693,1.97977503595123,2.6983012373023));
#2056=CARTESIAN_POINT('',(6.8912369160919,1.63577128476249,2.91867613758205));
#2057=CARTESIAN_POINT('',(6.8868940954296,1.45804023891858,3.01158316277167));
#2058=CARTESIAN_POINT('',(6.88333678878783,1.27334279622603,3.08774968598481));
#2059=AXIS2_PLACEMENT_3D('',#2446,#2447,#2448);
#2060=COLOUR_RGB('',0.250980406999588,0.270588248968124,0.270588248968124);
#2061=CARTESIAN_POINT('',(5.16988190808783,1.27334279622597,3.08774968598483));
#2062=AXIS2_PLACEMENT_3D('',#2449,#2450,#2451);
#2063=CARTESIAN_POINT('',(5.47691294397673,-4.16333634234434E-16,-3.34));
#2064=CARTESIAN_POINT('',(5.47691294397673,0.218018279075093,-3.34));
#2065=CARTESIAN_POINT('',(5.47585864570016,0.443183298850106,-3.31831130608607));
#2066=CARTESIAN_POINT('',(5.47143565364841,0.890082885125243,-3.2272827298031));
#2067=CARTESIAN_POINT('',(5.46806803049485,1.11182185803733,-3.15796442977671));
#2068=CARTESIAN_POINT('',(5.4591850865053,1.53569340731943,-2.97498452808222));
#2069=CARTESIAN_POINT('',(5.45366231630468,1.73818664557715,-2.86116734484338));
#2070=CARTESIAN_POINT('',(5.4409274772149,2.1108339975581,-2.59845169760993));
#2071=CARTESIAN_POINT('',(5.43371472535283,2.28097552944386,-2.44953542054671));
#2072=CARTESIAN_POINT('',(5.41854000649633,2.57666131652384,-2.13585292416953));
#2073=CARTESIAN_POINT('',(5.41010390037286,2.71270148160381,-1.96129636442231));
#2074=CARTESIAN_POINT('',(5.39184221542649,2.94957846066062,-1.5828517497837));
#2075=CARTESIAN_POINT('',(5.38201732348772,3.05043229143423,-1.37897431320815));
#2076=CARTESIAN_POINT('',(5.36163866517797,3.20843135776278,-0.955340537183767));
#2077=CARTESIAN_POINT('',(5.35106843026182,3.26570558453547,-0.735238579930733));
#2078=CARTESIAN_POINT('',(5.32992954820805,3.33449354066928,-0.294213462491091));
#2079=CARTESIAN_POINT('',(5.31936085952625,3.34598763227489,-0.0732872415624512));
#2080=CARTESIAN_POINT('',(5.29935846172399,3.32846076170317,0.34565760668582));
#2081=CARTESIAN_POINT('',(5.28923696707475,3.30014953640271,0.558053982787292));
#2082=CARTESIAN_POINT('',(5.26921259007613,3.20057176499959,0.979158611974514));
#2083=CARTESIAN_POINT('',(5.25930952652968,3.12932168825362,1.18787075074988));
#2084=CARTESIAN_POINT('',(5.24041908537037,2.94714052838462,1.58683768974757));
#2085=CARTESIAN_POINT('',(5.23141699173726,2.83606846362381,1.77740094921433));
#2086=CARTESIAN_POINT('',(5.21486127286363,2.58297531620538,2.12853869603041));
#2087=CARTESIAN_POINT('',(5.20730790308926,2.44094030289118,2.2891031542729));
#2088=CARTESIAN_POINT('',(5.19417319139842,2.1442214160698,2.56874789714632));
#2089=CARTESIAN_POINT('',(5.18809955072693,1.97977503595123,2.6983012373023));
#2090=CARTESIAN_POINT('',(5.1777820353919,1.63577128476247,2.91867613758206));
#2091=CARTESIAN_POINT('',(5.1734392147296,1.45804023891854,3.01158316277169));
#2092=CARTESIAN_POINT('',(5.16988190808783,1.27334279622597,3.08774968598483));
#2093=AXIS2_PLACEMENT_3D('',#2452,#2453,#2454);
#2094=COLOUR_RGB('',0.250980406999588,0.270588248968124,0.270588248968124);
#2095=CARTESIAN_POINT('',(3.45642702738783,1.27334279622597,3.08774968598483));
#2096=AXIS2_PLACEMENT_3D('',#2455,#2456,#2457);
#2097=CARTESIAN_POINT('',(3.76345806327673,-4.57966997657877E-16,-3.34));
#2098=CARTESIAN_POINT('',(3.76345806327673,0.218018279075092,-3.34));
#2099=CARTESIAN_POINT('',(3.76240376500015,0.443183298850104,-3.31831130608607));
#2100=CARTESIAN_POINT('',(3.75798077294841,0.89008288512524,-3.2272827298031));
#2101=CARTESIAN_POINT('',(3.75461314979485,1.11182185803733,-3.15796442977671));
#2102=CARTESIAN_POINT('',(3.7457302058053,1.53569340731942,-2.97498452808222));
#2103=CARTESIAN_POINT('',(3.74020743560468,1.73818664557714,-2.86116734484338));
#2104=CARTESIAN_POINT('',(3.7274725965149,2.1108339975581,-2.59845169760993));
#2105=CARTESIAN_POINT('',(3.72025984465282,2.28097552944386,-2.44953542054671));
#2106=CARTESIAN_POINT('',(3.70508512579633,2.57666131652384,-2.13585292416953));
#2107=CARTESIAN_POINT('',(3.69664901967286,2.71270148160381,-1.96129636442231));
#2108=CARTESIAN_POINT('',(3.67838733472649,2.94957846066062,-1.5828517497837));
#2109=CARTESIAN_POINT('',(3.66856244278772,3.05043229143423,-1.37897431320815));
#2110=CARTESIAN_POINT('',(3.64818378447797,3.20843135776278,-0.955340537183767));
#2111=CARTESIAN_POINT('',(3.63761354956182,3.26570558453547,-0.735238579930734));
#2112=CARTESIAN_POINT('',(3.61647466750805,3.33449354066928,-0.294213462491092));
#2113=CARTESIAN_POINT('',(3.60590597882625,3.34598763227489,-0.0732872415624512));
#2114=CARTESIAN_POINT('',(3.58590358102399,3.32846076170317,0.34565760668582));
#2115=CARTESIAN_POINT('',(3.57578208637475,3.30014953640271,0.558053982787292));
#2116=CARTESIAN_POINT('',(3.55575770937612,3.20057176499959,0.979158611974514));
#2117=CARTESIAN_POINT('',(3.54585464582968,3.12932168825362,1.18787075074988));
#2118=CARTESIAN_POINT('',(3.52696420467037,2.94714052838462,1.58683768974757));
#2119=CARTESIAN_POINT('',(3.51796211103726,2.83606846362381,1.77740094921433));
#2120=CARTESIAN_POINT('',(3.50140639216363,2.58297531620538,2.12853869603041));
#2121=CARTESIAN_POINT('',(3.49385302238926,2.44094030289118,2.2891031542729));
#2122=CARTESIAN_POINT('',(3.48071831069842,2.1442214160698,2.56874789714632));
#2123=CARTESIAN_POINT('',(3.47464467002693,1.97977503595123,2.6983012373023));
#2124=CARTESIAN_POINT('',(3.4643271546919,1.63577128476248,2.91867613758206));
#2125=CARTESIAN_POINT('',(3.4599843340296,1.45804023891854,3.01158316277169));
#2126=CARTESIAN_POINT('',(3.45642702738783,1.27334279622597,3.08774968598483));
#2127=AXIS2_PLACEMENT_3D('',#2458,#2459,#2460);
#2128=COLOUR_RGB('',0.250980406999588,0.270588248968124,0.270588248968124);
#2129=AXIS2_PLACEMENT_3D('',#2461,#2462,#2463);
#2130=CARTESIAN_POINT('',(6.97145162927682,0.0,3.34));
#2131=CARTESIAN_POINT('',(6.97145162927682,0.209553545957654,3.34));
#2132=CARTESIAN_POINT('',(6.97312585341273,0.426243823139955,3.31996044754707));
#2133=CARTESIAN_POINT('',(6.98019082187511,0.857247133042059,3.23557545468083));
#2134=CARTESIAN_POINT('',(6.98558023172829,1.07156371908198,3.17124805242356));
#2135=CARTESIAN_POINT('',(6.99987953562518,1.48257093636872,3.00117417566694));
#2136=CARTESIAN_POINT('',(7.00880168449872,1.67959067605483,2.89529180859145));
#2137=CARTESIAN_POINT('',(7.02951107205052,2.04391059228453,2.65069217125154));
#2138=CARTESIAN_POINT('',(7.04130094398083,2.21120078795727,2.511960258215));
#2139=CARTESIAN_POINT('',(7.06656491363625,2.50745709794836,2.21632355205309));
#2140=CARTESIAN_POINT('',(7.08090437302718,2.64653593366683,2.04927941257719));
#2141=CARTESIAN_POINT('',(7.11234207401363,2.89177984704469,1.68561795055366));
#2142=CARTESIAN_POINT('',(7.12944080922754,2.99796044928635,1.48901114029802));
#2143=CARTESIAN_POINT('',(7.16538392732621,3.16871117419824,1.07897661047298));
#2144=CARTESIAN_POINT('',(7.18425779502851,3.23341609444758,0.865226346688247));
#2145=CARTESIAN_POINT('',(7.2225219924065,3.31873141751576,0.435451546363118));
#2146=CARTESIAN_POINT('',(7.24191335945952,3.33932431929702,0.219423628208533));
#2147=CARTESIAN_POINT('',(7.27976686078765,3.3406442121481,-0.198911749942319));
#2148=CARTESIAN_POINT('',(7.29953109273996,3.3213093505779,-0.415601251571464));
#2149=CARTESIAN_POINT('',(7.3392128665975,3.23830725850102,-0.84686852703556));
#2150=CARTESIAN_POINT('',(7.35913068199359,3.17465817583889,-1.0614497682588));
#2151=CARTESIAN_POINT('',(7.3976749982293,3.00576267965419,-1.47326876621129));
#2152=CARTESIAN_POINT('',(7.41633092096097,2.90038306503692,-1.67083082488242));
#2153=CARTESIAN_POINT('',(7.45110950154802,2.65644864761252,-2.0364621656018));
#2154=CARTESIAN_POINT('',(7.46722948658549,2.5178779374725,-2.20452108890719));
#2155=CARTESIAN_POINT('',(7.49599422716266,2.22179483084859,-2.50269702599607));
#2156=CARTESIAN_POINT('',(7.50961430350385,2.05410386727664,-2.64290446928368));
#2157=CARTESIAN_POINT('',(7.53375137661075,1.68857274885078,-2.89015722810349));
#2158=CARTESIAN_POINT('',(7.54426772352128,1.49074272573514,-2.99721758520251));
#2159=CARTESIAN_POINT('',(7.561214907898,1.07779898242774,-3.16922332454662));
#2160=CARTESIAN_POINT('',(7.56765791289393,0.862350378058165,-3.23430764667324));
#2161=CARTESIAN_POINT('',(7.57612005328022,0.428894786996471,-3.31970531667395));
#2162=CARTESIAN_POINT('',(7.57813689685361,0.210884078560399,-3.34));
#2163=CARTESIAN_POINT('',(7.57813689685361,-1.17850220741867E-17,-3.34));
#2164=COLOUR_RGB('',0.250980406999588,0.270588248968124,0.270588248968124);
#2165=AXIS2_PLACEMENT_3D('',#2464,#2465,#2466);
#2166=CARTESIAN_POINT('',(5.25799674847682,0.0,3.34));
#2167=CARTESIAN_POINT('',(5.25799674847682,0.209553545957654,3.34));
#2168=CARTESIAN_POINT('',(5.25967097261274,0.426243823139955,3.31996044754707));
#2169=CARTESIAN_POINT('',(5.26673594107511,0.857247133042059,3.23557545468083));
#2170=CARTESIAN_POINT('',(5.27212535092829,1.07156371908198,3.17124805242356));
#2171=CARTESIAN_POINT('',(5.28642465482518,1.48257093636872,3.00117417566694));
#2172=CARTESIAN_POINT('',(5.29534680369872,1.67959067605483,2.89529180859145));
#2173=CARTESIAN_POINT('',(5.31605619125052,2.04391059228453,2.65069217125154));
#2174=CARTESIAN_POINT('',(5.32784606318083,2.21120078795727,2.511960258215));
#2175=CARTESIAN_POINT('',(5.35311003283625,2.50745709794836,2.21632355205309));
#2176=CARTESIAN_POINT('',(5.36744949222718,2.64653593366683,2.04927941257719));
#2177=CARTESIAN_POINT('',(5.39888719321363,2.89177984704469,1.68561795055366));
#2178=CARTESIAN_POINT('',(5.41598592842754,2.99796044928635,1.48901114029802));
#2179=CARTESIAN_POINT('',(5.45192904652621,3.16871117419824,1.07897661047298));
#2180=CARTESIAN_POINT('',(5.47080291422851,3.23341609444758,0.865226346688247));
#2181=CARTESIAN_POINT('',(5.5090671116065,3.31873141751576,0.435451546363118));
#2182=CARTESIAN_POINT('',(5.52845847865952,3.33932431929702,0.219423628208533));
#2183=CARTESIAN_POINT('',(5.56631197998765,3.3406442121481,-0.198911749942319));
#2184=CARTESIAN_POINT('',(5.58607621193996,3.3213093505779,-0.415601251571464));
#2185=CARTESIAN_POINT('',(5.6257579857975,3.23830725850102,-0.84686852703556));
#2186=CARTESIAN_POINT('',(5.64567580119359,3.17465817583889,-1.0614497682588));
#2187=CARTESIAN_POINT('',(5.6842201174293,3.00576267965419,-1.47326876621129));
#2188=CARTESIAN_POINT('',(5.70287604016097,2.90038306503692,-1.67083082488242));
#2189=CARTESIAN_POINT('',(5.73765462074802,2.65644864761252,-2.0364621656018));
#2190=CARTESIAN_POINT('',(5.75377460578549,2.5178779374725,-2.20452108890719));
#2191=CARTESIAN_POINT('',(5.78253934636266,2.22179483084859,-2.50269702599607));
#2192=CARTESIAN_POINT('',(5.79615942270385,2.05410386727664,-2.64290446928368));
#2193=CARTESIAN_POINT('',(5.82029649581075,1.68857274885078,-2.89015722810349));
#2194=CARTESIAN_POINT('',(5.83081284272128,1.49074272573514,-2.99721758520251));
#2195=CARTESIAN_POINT('',(5.847760027098,1.07779898242774,-3.16922332454662));
#2196=CARTESIAN_POINT('',(5.85420303209394,0.862350378058165,-3.23430764667324));
#2197=CARTESIAN_POINT('',(5.86266517248022,0.428894786996471,-3.31970531667395));
#2198=CARTESIAN_POINT('',(5.86468201605361,0.210884078560399,-3.34));
#2199=CARTESIAN_POINT('',(5.86468201605361,-1.17850220741878E-17,-3.34));
#2200=COLOUR_RGB('',0.250980406999588,0.270588248968124,0.270588248968124);
#2201=AXIS2_PLACEMENT_3D('',#2467,#2468,#2469);
#2202=CARTESIAN_POINT('',(3.54454186777682,0.0,3.34));
#2203=CARTESIAN_POINT('',(3.54454186777682,0.209553545957654,3.34));
#2204=CARTESIAN_POINT('',(3.54621609191273,0.426243823139955,3.31996044754707));
#2205=CARTESIAN_POINT('',(3.55328106037511,0.857247133042059,3.23557545468083));
#2206=CARTESIAN_POINT('',(3.55867047022829,1.07156371908198,3.17124805242356));
#2207=CARTESIAN_POINT('',(3.57296977412518,1.48257093636872,3.00117417566694));
#2208=CARTESIAN_POINT('',(3.58189192299872,1.67959067605483,2.89529180859145));
#2209=CARTESIAN_POINT('',(3.60260131055052,2.04391059228453,2.65069217125154));
#2210=CARTESIAN_POINT('',(3.61439118248083,2.21120078795727,2.511960258215));
#2211=CARTESIAN_POINT('',(3.63965515213625,2.50745709794836,2.21632355205309));
#2212=CARTESIAN_POINT('',(3.65399461152718,2.64653593366683,2.04927941257719));
#2213=CARTESIAN_POINT('',(3.68543231251363,2.89177984704469,1.68561795055366));
#2214=CARTESIAN_POINT('',(3.70253104772754,2.99796044928635,1.48901114029802));
#2215=CARTESIAN_POINT('',(3.7384741658262,3.16871117419824,1.07897661047298));
#2216=CARTESIAN_POINT('',(3.75734803352851,3.23341609444758,0.865226346688247));
#2217=CARTESIAN_POINT('',(3.7956122309065,3.31873141751576,0.435451546363118));
#2218=CARTESIAN_POINT('',(3.81500359795952,3.33932431929702,0.219423628208533));
#2219=CARTESIAN_POINT('',(3.85285709928765,3.3406442121481,-0.198911749942319));
#2220=CARTESIAN_POINT('',(3.87262133123996,3.3213093505779,-0.415601251571464));
#2221=CARTESIAN_POINT('',(3.9123031050975,3.23830725850102,-0.84686852703556));
#2222=CARTESIAN_POINT('',(3.93222092049359,3.17465817583889,-1.0614497682588));
#2223=CARTESIAN_POINT('',(3.9707652367293,3.00576267965419,-1.47326876621129));
#2224=CARTESIAN_POINT('',(3.98942115946097,2.90038306503692,-1.67083082488242));
#2225=CARTESIAN_POINT('',(4.02419974004802,2.65644864761252,-2.0364621656018));
#2226=CARTESIAN_POINT('',(4.04031972508549,2.5178779374725,-2.20452108890719));
#2227=CARTESIAN_POINT('',(4.06908446566266,2.22179483084859,-2.50269702599607));
#2228=CARTESIAN_POINT('',(4.08270454200385,2.05410386727664,-2.64290446928368));
#2229=CARTESIAN_POINT('',(4.10684161511075,1.68857274885078,-2.89015722810349));
#2230=CARTESIAN_POINT('',(4.11735796202127,1.49074272573514,-2.99721758520251));
#2231=CARTESIAN_POINT('',(4.134305146398,1.07779898242774,-3.16922332454662));
#2232=CARTESIAN_POINT('',(4.14074815139393,0.862350378058165,-3.23430764667324));
#2233=CARTESIAN_POINT('',(4.14921029178022,0.428894786996471,-3.31970531667395));
#2234=CARTESIAN_POINT('',(4.15122713535361,0.210884078560399,-3.34));
#2235=CARTESIAN_POINT('',(4.15122713535361,-1.17850220741878E-17,-3.34));
#2236=COLOUR_RGB('',0.250980406999588,0.270588248968124,0.270588248968124);
#2237=AXIS2_PLACEMENT_3D('',#2470,#2471,#2472);
#2238=CARTESIAN_POINT('',(1.83108698707682,0.0,3.34));
#2239=CARTESIAN_POINT('',(1.83108698707682,0.209553545957654,3.34));
#2240=CARTESIAN_POINT('',(1.83276121121274,0.426243823139955,3.31996044754707));
#2241=CARTESIAN_POINT('',(1.83982617967511,0.857247133042059,3.23557545468083));
#2242=CARTESIAN_POINT('',(1.84521558952829,1.07156371908198,3.17124805242356));
#2243=CARTESIAN_POINT('',(1.85951489342518,1.48257093636872,3.00117417566694));
#2244=CARTESIAN_POINT('',(1.86843704229872,1.67959067605483,2.89529180859145));
#2245=CARTESIAN_POINT('',(1.88914642985052,2.04391059228453,2.65069217125154));
#2246=CARTESIAN_POINT('',(1.90093630178083,2.21120078795727,2.511960258215));
#2247=CARTESIAN_POINT('',(1.92620027143625,2.50745709794836,2.21632355205309));
#2248=CARTESIAN_POINT('',(1.94053973082718,2.64653593366683,2.04927941257719));
#2249=CARTESIAN_POINT('',(1.97197743181363,2.89177984704469,1.68561795055366));
#2250=CARTESIAN_POINT('',(1.98907616702754,2.99796044928635,1.48901114029802));
#2251=CARTESIAN_POINT('',(2.02501928512621,3.16871117419824,1.07897661047298));
#2252=CARTESIAN_POINT('',(2.04389315282851,3.23341609444758,0.865226346688247));
#2253=CARTESIAN_POINT('',(2.0821573502065,3.31873141751576,0.435451546363118));
#2254=CARTESIAN_POINT('',(2.10154871725952,3.33932431929702,0.219423628208533));
#2255=CARTESIAN_POINT('',(2.13940221858765,3.3406442121481,-0.198911749942319));
#2256=CARTESIAN_POINT('',(2.15916645053996,3.3213093505779,-0.415601251571464));
#2257=CARTESIAN_POINT('',(2.1988482243975,3.23830725850102,-0.84686852703556));
#2258=CARTESIAN_POINT('',(2.21876603979359,3.17465817583889,-1.0614497682588));
#2259=CARTESIAN_POINT('',(2.2573103560293,3.00576267965419,-1.47326876621129));
#2260=CARTESIAN_POINT('',(2.27596627876097,2.90038306503692,-1.67083082488242));
#2261=CARTESIAN_POINT('',(2.31074485934802,2.65644864761252,-2.0364621656018));
#2262=CARTESIAN_POINT('',(2.32686484438549,2.5178779374725,-2.20452108890719));
#2263=CARTESIAN_POINT('',(2.35562958496266,2.22179483084859,-2.50269702599607));
#2264=CARTESIAN_POINT('',(2.36924966130385,2.05410386727664,-2.64290446928368));
#2265=CARTESIAN_POINT('',(2.39338673441075,1.68857274885078,-2.89015722810349));
#2266=CARTESIAN_POINT('',(2.40390308132127,1.49074272573514,-2.99721758520251));
#2267=CARTESIAN_POINT('',(2.420850265698,1.07779898242774,-3.16922332454662));
#2268=CARTESIAN_POINT('',(2.42729327069393,0.862350378058165,-3.23430764667324));
#2269=CARTESIAN_POINT('',(2.43575541108022,0.428894786996471,-3.31970531667395));
#2270=CARTESIAN_POINT('',(2.43777225465361,0.210884078560399,-3.34));
#2271=CARTESIAN_POINT('',(2.43777225465361,-1.17850220741878E-17,-3.34));
#2272=COLOUR_RGB('',0.250980406999588,0.270588248968124,0.270588248968124);
#2273=COLOUR_RGB('',0.250980406999588,0.270588248968124,0.270588248968124);
#2274=AXIS2_PLACEMENT_3D('',#2473,#2474,#2475);
#2275=COLOUR_RGB('',0.250980406999588,0.270588248968124,0.270588248968124);
#2276=COLOUR_RGB('',0.250980406999588,0.270588248968124,0.270588248968124);
#2277=AXIS2_PLACEMENT_3D('',#2476,#2477,#2478);
#2278=COLOUR_RGB('',0.250980406999588,0.270588248968124,0.270588248968124);
#2279=COLOUR_RGB('',0.250980406999588,0.270588248968124,0.270588248968124);
#2280=AXIS2_PLACEMENT_3D('',#2479,#2480,#2481);
#2281=COLOUR_RGB('',0.250980406999588,0.270588248968124,0.270588248968124);
#2282=COLOUR_RGB('',0.250980406999588,0.270588248968124,0.270588248968124);
#2283=AXIS2_PLACEMENT_3D('',#2482,#2483,#2484);
#2284=COLOUR_RGB('',0.250980406999588,0.270588248968124,0.270588248968124);
#2285=AXIS2_PLACEMENT_3D('',#2485,#2486,#2487);
#2286=COLOUR_RGB('',0.250980406999588,0.270588248968124,0.270588248968124);
#2287=COLOUR_RGB('',0.250980406999588,0.270588248968124,0.270588248968124);
#2288=COLOUR_RGB('',0.250980406999588,0.270588248968124,0.270588248968124);
#2289=COLOUR_RGB('',0.250980406999588,0.270588248968124,0.270588248968124);
#2290=AXIS2_PLACEMENT_3D('',#2488,#2489,#2490);
#2291=COLOUR_RGB('',0.250980406999588,0.270588248968124,0.270588248968124);
#2292=AXIS2_PLACEMENT_3D('',#2491,#2492,#2493);
#2293=AXIS2_PLACEMENT_3D('',#2494,#2495,#2496);
#2294=COLOUR_RGB('',0.250980406999588,0.270588248968124,0.270588248968124);
#2295=COLOUR_RGB('',0.250980406999588,0.270588248968124,0.270588248968124);
#2296=COLOUR_RGB('',0.250980406999588,0.270588248968124,0.270588248968124);
#2297=COLOUR_RGB('',0.250980406999588,0.270588248968124,0.270588248968124);
#2298=COLOUR_RGB('',0.250980406999588,0.270588248968124,0.270588248968124);
#2299=DIRECTION('',(1.0,-0.0,-0.0));
#2300=CARTESIAN_POINT('',(2.5,0.0,0.0));
#2301=DIRECTION('',(1.0,0.0,-0.0));
#2302=DIRECTION('',(0.0,0.0,1.0));
#2303=DIRECTION('',(-1.0,-0.0,-0.0));
#2304=CARTESIAN_POINT('',(9.5,0.0,0.0));
#2305=DIRECTION('',(1.0,0.0,-0.0));
#2306=DIRECTION('',(0.0,0.0,1.0));
#2307=DIRECTION('',(0.603857687995462,-9.76156347862296E-17,-0.79709214815401));
#2308=CARTESIAN_POINT('',(0.5,0.0,0.0));
#2309=DIRECTION('',(1.0,0.0,-0.0));
#2310=DIRECTION('',(0.0,0.0,1.0));
#2311=DIRECTION('',(-0.603857687995462,-9.76156347862296E-17,-0.79709214815401));
#2312=CARTESIAN_POINT('',(1.0,0.0,0.0));
#2313=DIRECTION('',(1.0,0.0,-0.0));
#2314=DIRECTION('',(0.0,0.0,1.0));
#2315=DIRECTION('',(1.0,0.0,0.0));
#2316=CARTESIAN_POINT('',(0.0,0.0,0.0));
#2317=DIRECTION('',(1.0,0.0,-0.0));
#2318=DIRECTION('',(0.0,0.0,1.0));
#2319=DIRECTION('',(-1.0,-0.0,-0.0));
#2320=DIRECTION('',(1.0,0.0,0.0));
#2321=CARTESIAN_POINT('',(8.86693476276728,0.0,0.0));
#2322=DIRECTION('',(0.996194698095946,0.0,0.0871557426996454));
#2323=DIRECTION('',(-0.0871557426996454,0.0,0.996194698095946));
#2324=DIRECTION('',(-1.0,-0.0,-0.0));
#2325=CARTESIAN_POINT('',(10.0,0.0,0.0));
#2326=DIRECTION('',(1.0,0.0,-0.0));
#2327=DIRECTION('',(0.0,0.0,1.0));
#2328=DIRECTION('',(1.0,0.0,0.0));
#2329=CARTESIAN_POINT('',(7.15347988196728,0.0,0.0));
#2330=DIRECTION('',(0.996194698095946,0.0,0.0871557426996454));
#2331=DIRECTION('',(-0.0871557426996454,0.0,0.996194698095946));
#2332=DIRECTION('',(-1.0,-0.0,-0.0));
#2333=DIRECTION('',(1.0,0.0,0.0));
#2334=CARTESIAN_POINT('',(5.44002500126728,0.0,0.0));
#2335=DIRECTION('',(0.996194698095946,0.0,0.0871557426996454));
#2336=DIRECTION('',(-0.0871557426996453,0.0,0.996194698095946));
#2337=DIRECTION('',(-1.0,-0.0,-0.0));
#2338=DIRECTION('',(1.0,0.0,0.0));
#2339=CARTESIAN_POINT('',(3.72657012056728,0.0,0.0));
#2340=DIRECTION('',(0.996194698095946,0.0,0.0871557426996454));
#2341=DIRECTION('',(-0.0871557426996454,0.0,0.996194698095946));
#2342=DIRECTION('',(-1.0,-0.0,-0.0));
#2343=DIRECTION('',(1.0,0.0,0.0));
#2344=DIRECTION('',(-1.0,-0.0,-0.0));
#2345=DIRECTION('',(0.996194698095946,0.0,0.0871557426996453));
#2346=CARTESIAN_POINT('',(2.75710797055292,0.0,0.0662383644517304));
#2347=DIRECTION('',(0.996194698095946,0.0,0.0871557426996453));
#2348=DIRECTION('',(-0.0871557426996453,0.0,0.996194698095946));
#2349=DIRECTION('',(-0.996194698095946,-0.0,-0.0871557426996453));
#2350=CARTESIAN_POINT('',(2.95634691017211,0.0,0.0836695129916595));
#2351=DIRECTION('',(0.996194698095946,0.0,0.0871557426996453));
#2352=DIRECTION('',(-0.0871557426996453,0.0,0.996194698095946));
#2353=DIRECTION('',(0.996194698095946,0.0,0.0871557426996453));
#2354=CARTESIAN_POINT('',(4.47056285125292,0.0,0.0662383644517304));
#2355=DIRECTION('',(0.996194698095946,0.0,0.0871557426996453));
#2356=DIRECTION('',(-0.0871557426996453,0.0,0.996194698095946));
#2357=DIRECTION('',(-0.996194698095946,-0.0,-0.0871557426996453));
#2358=CARTESIAN_POINT('',(4.66980179087211,0.0,0.0836695129916595));
#2359=DIRECTION('',(0.996194698095946,0.0,0.0871557426996453));
#2360=DIRECTION('',(-0.0871557426996453,0.0,0.996194698095946));
#2361=DIRECTION('',(0.996194698095946,0.0,0.0871557426996453));
#2362=CARTESIAN_POINT('',(6.18401773195292,0.0,0.0662383644517304));
#2363=DIRECTION('',(0.996194698095946,0.0,0.0871557426996453));
#2364=DIRECTION('',(-0.0871557426996453,0.0,0.996194698095946));
#2365=DIRECTION('',(-0.996194698095946,-0.0,-0.0871557426996453));
#2366=CARTESIAN_POINT('',(6.38325667157211,0.0,0.0836695129916595));
#2367=DIRECTION('',(0.996194698095946,0.0,0.0871557426996453));
#2368=DIRECTION('',(-0.0871557426996453,0.0,0.996194698095946));
#2369=DIRECTION('',(0.996194698095946,0.0,0.0871557426996453));
#2370=CARTESIAN_POINT('',(7.89747261275292,0.0,0.0662383644517304));
#2371=DIRECTION('',(0.996194698095946,0.0,0.0871557426996453));
#2372=DIRECTION('',(-0.0871557426996453,0.0,0.996194698095946));
#2373=DIRECTION('',(-0.996194698095946,-0.0,-0.0871557426996453));
#2374=CARTESIAN_POINT('',(8.09671155237211,0.0,0.0836695129916595));
#2375=DIRECTION('',(0.996194698095946,0.0,0.0871557426996453));
#2376=DIRECTION('',(-0.0871557426996453,0.0,0.996194698095946));
#2377=DIRECTION('',(0.621450454975211,8.89472251917694E-17,0.783453465121639));
#2378=DIRECTION('',(-0.748054492613797,8.89472251917694E-17,0.663637307631447));
#2379=DIRECTION('',(0.621450454975211,8.89472251917693E-17,0.783453465121639));
#2380=DIRECTION('',(-0.748054492613797,8.89472251917693E-17,0.663637307631447));
#2381=DIRECTION('',(0.621450454975211,8.89472251917694E-17,0.783453465121639));
#2382=DIRECTION('',(-0.748054492613797,8.89472251917694E-17,0.663637307631447));
#2383=DIRECTION('',(0.621450454975211,8.89472251917694E-17,0.783453465121639));
#2384=DIRECTION('',(-0.748054492613797,8.89472251917694E-17,0.663637307631447));
#2385=DIRECTION('',(0.748054492613797,-8.89472251917694E-17,-0.663637307631447));
#2386=DIRECTION('',(-0.621450454975211,-8.89472251917694E-17,-0.783453465121639));
#2387=CARTESIAN_POINT('',(3.71345488072503,0.0,0.14990787744339));
#2388=DIRECTION('',(0.996194698095946,0.0,0.0871557426996453));
#2389=DIRECTION('',(-0.0871557426996453,0.0,0.996194698095946));
#2390=DIRECTION('',(0.748054492613797,-8.89472251917693E-17,-0.663637307631447));
#2391=DIRECTION('',(-0.621450454975211,-8.89472251917694E-17,-0.783453465121639));
#2392=CARTESIAN_POINT('',(5.42690976142503,0.0,0.14990787744339));
#2393=DIRECTION('',(0.996194698095946,0.0,0.0871557426996453));
#2394=DIRECTION('',(-0.0871557426996453,0.0,0.996194698095946));
#2395=DIRECTION('',(0.748054492613797,-8.89472251917694E-17,-0.663637307631447));
#2396=DIRECTION('',(-0.621450454975211,-8.89472251917694E-17,-0.783453465121639));
#2397=CARTESIAN_POINT('',(7.14036464212503,0.0,0.14990787744339));
#2398=DIRECTION('',(0.996194698095946,0.0,0.0871557426996453));
#2399=DIRECTION('',(-0.0871557426996453,0.0,0.996194698095946));
#2400=DIRECTION('',(0.748054492613797,-8.89472251917694E-17,-0.663637307631447));
#2401=DIRECTION('',(-0.621450454975211,-8.89472251917694E-17,-0.783453465121639));
#2402=CARTESIAN_POINT('',(8.85381952292503,0.0,0.14990787744339));
#2403=DIRECTION('',(0.996194698095946,0.0,0.0871557426996453));
#2404=DIRECTION('',(-0.0871557426996453,0.0,0.996194698095946));
#2405=DIRECTION('',(-0.707106781186548,-8.65956056235493E-17,-0.707106781186547));
#2406=CARTESIAN_POINT('',(10.0,0.0,0.0));
#2407=DIRECTION('',(-1.0,-0.0,0.0));
#2408=DIRECTION('',(0.0,0.0,1.0));
#2409=DIRECTION('',(0.707106781186548,-8.65956056235493E-17,-0.707106781186547));
#2410=CARTESIAN_POINT('',(9.5,0.0,0.0));
#2411=DIRECTION('',(1.0,0.0,-0.0));
#2412=DIRECTION('',(0.0,0.0,1.0));
#2413=CARTESIAN_POINT('',(10.0,0.0,0.0));
#2414=DIRECTION('',(-1.0,-0.0,0.0));
#2415=DIRECTION('',(0.0,0.0,1.0));
#2416=DIRECTION('',(0.0,0.866025403787367,0.499999999994929));
#2417=DIRECTION('',(1.0,0.0,0.0));
#2418=DIRECTION('',(0.0,-0.866025403787367,-0.499999999994929));
#2419=DIRECTION('',(1.0,0.0,0.0));
#2420=DIRECTION('',(0.0,0.866025403787367,-0.499999999994929));
#2421=DIRECTION('',(0.0,-0.866025403787367,0.499999999994929));
#2422=DIRECTION('',(1.0,0.0,0.0));
#2423=DIRECTION('',(0.0,0.0,-1.0));
#2424=DIRECTION('',(0.0,0.0,1.0));
#2425=DIRECTION('',(1.0,0.0,0.0));
#2426=DIRECTION('',(0.0,-0.866025403787367,-0.499999999994929));
#2427=DIRECTION('',(-0.0,0.866025403787367,0.499999999994929));
#2428=DIRECTION('',(1.0,0.0,0.0));
#2429=DIRECTION('',(0.0,-0.866025403787367,0.499999999994929));
#2430=DIRECTION('',(0.0,0.866025403787367,-0.499999999994929));
#2431=DIRECTION('',(1.0,0.0,0.0));
#2432=DIRECTION('',(0.0,0.0,1.0));
#2433=DIRECTION('',(0.0,0.0,-1.0));
#2434=CARTESIAN_POINT('',(2.5,0.0,0.0));
#2435=DIRECTION('',(1.0,0.0,-0.0));
#2436=DIRECTION('',(0.0,0.0,1.0));
#2437=CARTESIAN_POINT('',(8.85381952292503,0.0,0.14990787744339));
#2438=DIRECTION('',(0.996194698095946,0.0,0.0871557426996453));
#2439=DIRECTION('',(-0.0871557426996453,0.0,0.996194698095946));
#2440=CARTESIAN_POINT('',(8.09671155237211,0.0,0.0836695129916595));
#2441=DIRECTION('',(0.996194698095946,0.0,0.0871557426996453));
#2442=DIRECTION('',(-0.0871557426996453,0.0,0.996194698095946));
#2443=CARTESIAN_POINT('',(7.14036464212503,0.0,0.14990787744339));
#2444=DIRECTION('',(0.996194698095946,0.0,0.0871557426996453));
#2445=DIRECTION('',(-0.0871557426996453,0.0,0.996194698095946));
#2446=CARTESIAN_POINT('',(6.38325667157211,0.0,0.0836695129916595));
#2447=DIRECTION('',(0.996194698095946,0.0,0.0871557426996453));
#2448=DIRECTION('',(-0.0871557426996453,0.0,0.996194698095946));
#2449=CARTESIAN_POINT('',(5.42690976142503,0.0,0.14990787744339));
#2450=DIRECTION('',(0.996194698095946,0.0,0.0871557426996453));
#2451=DIRECTION('',(-0.0871557426996453,0.0,0.996194698095946));
#2452=CARTESIAN_POINT('',(4.66980179087211,0.0,0.0836695129916595));
#2453=DIRECTION('',(0.996194698095946,0.0,0.0871557426996453));
#2454=DIRECTION('',(-0.0871557426996453,0.0,0.996194698095946));
#2455=CARTESIAN_POINT('',(3.71345488072503,0.0,0.14990787744339));
#2456=DIRECTION('',(0.996194698095946,0.0,0.0871557426996453));
#2457=DIRECTION('',(-0.0871557426996453,0.0,0.996194698095946));
#2458=CARTESIAN_POINT('',(2.95634691017211,0.0,0.0836695129916595));
#2459=DIRECTION('',(0.996194698095946,0.0,0.0871557426996453));
#2460=DIRECTION('',(-0.0871557426996453,0.0,0.996194698095946));
#2461=CARTESIAN_POINT('',(7.89747261275292,0.0,0.0662383644517304));
#2462=DIRECTION('',(0.996194698095946,0.0,0.0871557426996453));
#2463=DIRECTION('',(-0.0871557426996453,0.0,0.996194698095946));
#2464=CARTESIAN_POINT('',(6.18401773195292,0.0,0.0662383644517304));
#2465=DIRECTION('',(0.996194698095946,0.0,0.0871557426996453));
#2466=DIRECTION('',(-0.0871557426996453,0.0,0.996194698095946));
#2467=CARTESIAN_POINT('',(4.47056285125292,0.0,0.0662383644517304));
#2468=DIRECTION('',(0.996194698095946,0.0,0.0871557426996453));
#2469=DIRECTION('',(-0.0871557426996453,0.0,0.996194698095946));
#2470=CARTESIAN_POINT('',(2.75710797055292,0.0,0.0662383644517304));
#2471=DIRECTION('',(0.996194698095946,0.0,0.0871557426996453));
#2472=DIRECTION('',(-0.0871557426996453,0.0,0.996194698095946));
#2473=CARTESIAN_POINT('',(8.86693476276728,0.0,0.0));
#2474=DIRECTION('',(0.996194698095946,0.0,0.0871557426996454));
#2475=DIRECTION('',(-0.0871557426996454,0.0,0.996194698095946));
#2476=CARTESIAN_POINT('',(7.15347988196728,0.0,0.0));
#2477=DIRECTION('',(0.996194698095946,0.0,0.0871557426996454));
#2478=DIRECTION('',(-0.0871557426996454,0.0,0.996194698095946));
#2479=CARTESIAN_POINT('',(5.44002500126728,0.0,0.0));
#2480=DIRECTION('',(0.996194698095946,0.0,0.0871557426996454));
#2481=DIRECTION('',(-0.0871557426996453,0.0,0.996194698095946));
#2482=CARTESIAN_POINT('',(3.72657012056728,0.0,0.0));
#2483=DIRECTION('',(0.996194698095946,0.0,0.0871557426996454));
#2484=DIRECTION('',(-0.0871557426996454,0.0,0.996194698095946));
#2485=CARTESIAN_POINT('',(1.0,0.0,0.0));
#2486=DIRECTION('',(1.0,0.0,-0.0));
#2487=DIRECTION('',(0.0,0.0,1.0));
#2488=CARTESIAN_POINT('',(10.0,0.0,0.0));
#2489=DIRECTION('',(1.0,0.0,-0.0));
#2490=DIRECTION('',(0.0,0.0,1.0));
#2491=CARTESIAN_POINT('',(0.5,0.0,0.0));
#2492=DIRECTION('',(1.0,0.0,-0.0));
#2493=DIRECTION('',(0.0,0.0,1.0));
#2494=CARTESIAN_POINT('',(0.0,0.0,0.0));
#2495=DIRECTION('',(1.0,0.0,-0.0));
#2496=DIRECTION('',(0.0,0.0,1.0));
ENDSEC;
END-ISO-10303-21;
